Category	Discount	City	Country	Customer Name	Year	State	Month	Sub-Category	Product Name	Quantity	Region	Sales	Segment	Ship Mode
Furniture	0.4	Akron	United States	Ed Braxton	2017	Ohio	October	Tables	Chromcraft Rectangular Conference Tables	2	East	284.364	Corporate	Standard Class
Furniture	0.32	Amarillo	United States	David Smith	2017	Texas	March	Bookcases	Bush Mission Pointe Library	2	North	205.3328	Corporate	Standard Class
Furniture	0.2	Arvada	United States	Ben Peterman	2016	Colorado	September	Furnishings	C-Line Cubicle Keepers Polyproplyene Holder With Velcro Backings	4	West	15.136	Corporate	Second Class
Furniture	0.2	Arvada	United States	Ben Peterman	2016	Colorado	September	Furnishings	"Eldon Expressions Desk Accessory, Wood Photo Frame, Mahogany"	1	West	15.232	Corporate	Second Class
Furniture	0.2	Arvada	United States	Ben Peterman	2016	Colorado	September	Chairs	Hon 4070 Series Pagoda Armless Upholstered Stacking Chairs	2	West	466.768	Corporate	Second Class
Furniture	0.2	Aurora	United States	Lena Cacioppo	2015	Colorado	November	Furnishings	"Deflect-o DuraMat Lighweight, Studded, Beveled Mat for Low Pile Carpeting"	3	West	102.36	Consumer	Standard Class
Furniture	0	Belleville	United States	Jonathan Doherty	2016	New Jersey	October	Furnishings	"Floodlight Indoor Halogen Bulbs, 1 Bulb per Pack, 60 Watts"	4	East	77.6	Corporate	Standard Class
Furniture	0.5	Bloomington	United States	Philip Fox	2014	Illinois	September	Tables	Bevis 44 x 96 Conference Tables	6	North	617.7	Consumer	Standard Class
Furniture	0	Canton	United States	Janet Molinari	2017	Michigan	November	Furnishings	Coloredge Poster Frame	2	North	28.4	Corporate	Second Class
Furniture	0.6	Chicago	United States	Dan Reichenbach	2015	Illinois	November	Furnishings	Eldon 100 Class Desk Accessories	9	North	12.132	Corporate	Standard Class
Furniture	0.5	Chicago	United States	Jonathan Howell	2017	Illinois	November	Tables	BPI Conference Tables	3	North	219.075	Consumer	Standard Class
Furniture	0.6	Chicago	United States	Ken Lonsdale	2016	Illinois	June	Furnishings	Eldon 100 Class Desk Accessories	3	North	4.044	Consumer	Second Class
Furniture	0.5	Chicago	United States	Ken Lonsdale	2016	Illinois	June	Tables	KI Conference Tables	5	North	177.225	Consumer	Second Class
Furniture	0.6	Chicago	United States	Ken Lonsdale	2016	Illinois	June	Furnishings	Luxo Professional Fluorescent Magnifier Lamp with Clamp-Mount Base	5	North	419.68	Consumer	Second Class
Furniture	0.6	Chicago	United States	Ken Lonsdale	2016	Illinois	June	Furnishings	Staple-based wall hangings	3	North	11.688	Consumer	Second Class
Furniture	0.3	Chicago	United States	Paul Stevenson	2015	Illinois	April	Chairs	"Global Value Mid-Back Manager's Chair, Gray"	5	North	213.115	Home Office	Standard Class
Furniture	0.2	Colorado Springs	United States	Kelly Lampkin	2014	Colorado	December	Furnishings	Eldon ClusterMat Chair Mat with Cordless Antistatic Protection	3	West	218.352	Corporate	First Class
Furniture	0.2	Colorado Springs	United States	Kelly Lampkin	2014	Colorado	December	Chairs	Global Deluxe Office Fabric Chairs	3	West	230.352	Corporate	First Class
Furniture	0.2	Colorado Springs	United States	Kelly Lampkin	2014	Colorado	December	Furnishings	"Howard Miller 13"" Diameter Goldtone Round Wall Clock"	8	West	300.416	Corporate	First Class
Furniture	0	Columbia	United States	Patrick O'Donnell	2017	South Carolina	May	Chairs	Novimex Swivel Fabric Task Chair	2	South	301.96	Consumer	Second Class
Furniture	0.2	Columbia	United States	Valerie Dominguez	2015	Tennessee	February	Chairs	Global Low Back Tilter Chair	2	South	161.568	Consumer	Standard Class
Furniture	0.2	Columbia	United States	Valerie Dominguez	2015	Tennessee	February	Chairs	"Global Push Button Manager's Chair, Indigo"	8	South	389.696	Consumer	Standard Class
Furniture	0.5	Columbus	United States	Nick Zandusky	2016	Ohio	November	Bookcases	"Bush Westfield Collection Bookcases, Medium Cherry Finish"	3	East	86.97	Home Office	Second Class
Furniture	0	Columbus	United States	Troy Blackwell	2017	Indiana	March	Furnishings	"GE General Purpose, Extra Long Life, Showcase & Floodlight Incandescent Bulbs"	1	North	2.91	Consumer	Second Class
Furniture	0.2	Concord	United States	Sanjit Chand	2014	California	February	Chairs	"Global Geo Office Task Chair, Gray"	2	West	129.568	Consumer	Standard Class
Furniture	0	Costa Mesa	United States	Sanjit Chand	2016	California	July	Furnishings	"Howard Miller 14-1/2"" Diameter Chrome Round Wall Clock"	4	West	255.76	Consumer	Standard Class
Furniture	0.3	Decatur	United States	Natalie Fritzler	2016	Illinois	September	Chairs	Hon 4700 Series Mobuis Mid-Back Task Chairs with Adjustable Arms	3	North	747.558	Consumer	Standard Class
Furniture	0.5	Denver	United States	Bruce Stewart	2014	Colorado	August	Tables	BoxOffice By Design Rectangular and Half-Moon Meeting Room Tables	2	West	218.75	Consumer	First Class
Furniture	0	Detroit	United States	David Smith	2015	Michigan	August	Tables	Bevis 36 x 72 Conference Tables	5	North	622.45	Corporate	Standard Class
Furniture	0	Detroit	United States	Pete Kriz	2016	Michigan	September	Furnishings	Aluminum Document Frame	1	North	12.22	Consumer	Second Class
Furniture	0	Detroit	United States	Pete Kriz	2016	Michigan	September	Chairs	Office Star - Ergonomically Designed Knee Chair	3	North	242.94	Consumer	Second Class
Furniture	0.2	Dublin	United States	Joni Blumstein	2015	Ohio	December	Furnishings	"Executive Impressions 14"" Two-Color Numerals Wall Clock"	4	East	72.704	Consumer	First Class
Furniture	0.45	Fort Lauderdale	United States	Sean O'Donnell	2015	Florida	October	Tables	Bretford CR4500 Series Slim Rectangular Table	5	South	957.5775	Consumer	Standard Class
Furniture	0.3	Franklin	United States	Allen Rosenblatt	2017	Massachusetts	August	Tables	"Office Impressions End Table, 20-1/2""H x 24""W x 20""D"	7	East	1488.424	Corporate	Standard Class
Furniture	0.2	Franklin	United States	Heather Kirkland	2017	Tennessee	June	Furnishings	"Eldon 200 Class Desk Accessories, Burgundy"	7	South	35.168	Corporate	Standard Class
Furniture	0	Franklin	United States	Justin Ellison	2016	Wisconsin	December	Chairs	"Hon Deluxe Fabric Upholstered Stacking Chairs, Rounded Back"	8	North	1951.84	Corporate	Standard Class
Furniture	0	Hackensack	United States	Thomas Seio	2014	New Jersey	September	Furnishings	"Deflect-o SuperTray Unbreakable Stackable Tray, Letter, Black"	3	East	87.54	Corporate	Standard Class
Furniture	0	Henderson	United States	Claire Gute	2016	Kentucky	November	Bookcases	Bush Somerset Collection Bookcase	2	South	261.96	Consumer	Second Class
Furniture	0	Henderson	United States	Claire Gute	2016	Kentucky	November	Chairs	"Hon Deluxe Fabric Upholstered Stacking Chairs, Rounded Back"	3	South	731.94	Consumer	Second Class
Furniture	0.3	Houston	United States	Alan Dominguez	2014	Texas	December	Chairs	Global Deluxe High-Back Manager's Chair	3	North	600.558	Home Office	Second Class
Furniture	0.32	Houston	United States	Anna Gayman	2016	Texas	September	Bookcases	"Riverside Palais Royal Lawyers Bookcase, Royale Cherry Finish"	4	North	2396.2656	Consumer	Second Class
Furniture	0.6	Houston	United States	Joel Eaton	2014	Texas	November	Furnishings	"Eldon Expressions Desk Accessory, Wood Pencil Holder, Oak"	5	North	19.3	Consumer	Second Class
Furniture	0.6	Houston	United States	Ken Brennan	2017	Texas	December	Furnishings	"6"" Cubicle Wall Clock, Black"	3	North	9.708	Corporate	First Class
Furniture	0.32	Houston	United States	Steve Nguyen	2015	Texas	December	Bookcases	"Atlantic Metals Mobile 3-Shelf Bookcases, Custom Colors"	3	North	532.3992	Home Office	Standard Class
Furniture	0.3	Houston	United States	Steve Nguyen	2015	Texas	December	Chairs	"Global Fabric Manager's Chair, Dark Gray"	3	North	212.058	Home Office	Standard Class
Furniture	0	Jackson	United States	Natalie Fritzler	2017	Mississippi	August	Chairs	Hon Multipurpose Stacking Arm Chairs	4	South	866.4	Consumer	Second Class
Furniture	0	Lakeville	United States	Dianna Wilson	2014	Minnesota	June	Chairs	Global Deluxe High-Back Manager's Chair	7	North	2001.86	Home Office	Second Class
Furniture	0	Lawrence	United States	Michael Paige	2017	Massachusetts	October	Furnishings	"Westinghouse Mesh Shade Clip-On Gooseneck Lamp, Black"	4	East	56.56	Corporate	Standard Class
Furniture	0.2	Los Angeles	United States	Brosina Hoffman	2014	California	June	Tables	Chromcraft Rectangular Conference Tables	9	West	1706.184	Consumer	Standard Class
Furniture	0	Los Angeles	United States	Brosina Hoffman	2014	California	June	Furnishings	"Eldon Expressions Wood and Plastic Desk Accessories, Cherry Wood"	7	West	48.86	Consumer	Standard Class
Furniture	0.2	Los Angeles	United States	Chad Sievert	2014	California	August	Chairs	"Global Value Steno Chair, Gray"	7	West	340.144	Consumer	Standard Class
Furniture	0.2	Los Angeles	United States	Jas O'Carroll	2015	California	November	Tables	"Bevis Round Bullnose 29"" High Table Top"	5	West	1038.84	Consumer	Standard Class
Furniture	0	Los Angeles	United States	Kunst Miller	2015	California	November	Furnishings	Luxo Economy Swing Arm Lamp	4	West	79.76	Consumer	Standard Class
Furniture	0	Los Angeles	United States	Lindsay Shagiari	2016	California	November	Furnishings	Eldon Cleatmat Plus Chair Mats for High Pile Carpets	3	West	238.56	Home Office	Second Class
Furniture	0.2	Los Angeles	United States	Lindsay Shagiari	2016	California	November	Chairs	"Global Task Chair, Black"	2	West	81.424	Home Office	Second Class
Furniture	0.15	Los Angeles	United States	Michelle Tran	2017	California	June	Bookcases	O'Sullivan Living Dimensions 2-Shelf Bookcases	5	West	514.165	Home Office	First Class
Furniture	0.2	Los Angeles	United States	Philip Brown	2016	California	April	Chairs	Bevis Steel Folding Chairs	5	West	383.8	Consumer	Standard Class
Furniture	0	Manchester	United States	Michael Kennedy	2016	Connecticut	October	Bookcases	"Atlantic Metals Mobile 3-Shelf Bookcases, Custom Colors"	4	East	1043.92	Corporate	Same Day
Furniture	0.5	Medina	United States	Victoria Wilson	2015	Ohio	January	Bookcases	O'Sullivan 2-Door Barrister Bookcase in Odessa Pine	5	East	452.45	Corporate	Standard Class
Furniture	0.2	Memphis	United States	Joel Eaton	2015	Tennessee	April	Chairs	High-Back Leather Manager's Chair	8	South	831.936	Consumer	Standard Class
Furniture	0.2	Memphis	United States	Joel Eaton	2015	Tennessee	April	Furnishings	"Tenex Traditional Chairmats for Medium Pile Carpet, Standard Lip, 36"" x 48"""	2	South	97.04	Consumer	Standard Class
Furniture	0.4	Memphis	United States	Rose O'Brian	2016	Tennessee	March	Tables	Balt Solid Wood Rectangular Table	3	South	189.882	Consumer	Second Class
Furniture	0	Minneapolis	United States	Karl Braun	2015	Minnesota	January	Furnishings	"Seth Thomas 13 1/2"" Wall Clock"	3	North	53.34	Consumer	Second Class
Furniture	0.2	Murfreesboro	United States	Don Jones	2017	Tennessee	November	Furnishings	Telescoping Adjustable Floor Lamp	1	South	15.992	Corporate	Second Class
Furniture	0	New Albany	United States	Darren Powers	2015	Indiana	April	Chairs	"Global Leather Task Chair, Black"	1	North	89.99	Consumer	Standard Class
Furniture	0	New Albany	United States	Darren Powers	2015	Indiana	April	Furnishings	Longer-Life Soft White Bulbs	2	North	6.16	Consumer	Standard Class
Furniture	0	New York City	United States	Alan Schoenberger	2015	New York	May	Furnishings	Electrix 20W Halogen Replacement Bulb for Zoom-In Desk Lamp	2	East	26.8	Corporate	Second Class
Furniture	0.1	New York City	United States	Cynthia Voltz	2017	New York	January	Chairs	Global Deluxe Steno Chair	3	East	207.846	Corporate	Second Class
Furniture	0	New York City	United States	Cynthia Voltz	2017	New York	December	Furnishings	Magnifier Swing Arm Lamp	2	East	41.96	Corporate	Standard Class
Furniture	0.2	New York City	United States	Jeremy Lonsdale	2016	New York	April	Bookcases	Sauder Barrister Bookcases	6	East	388.704	Consumer	Standard Class
Furniture	0	New York City	United States	Katrina Willman	2017	New York	September	Furnishings	Eldon Wave Desk Accessories	8	East	47.12	Consumer	Standard Class
Furniture	0.1	New York City	United States	Katrina Willman	2017	New York	September	Chairs	Global Ergonomic Managers Chair	3	East	488.646	Consumer	Standard Class
Furniture	0.2	New York City	United States	Mark Packer	2015	New York	October	Bookcases	"Atlantic Metals Mobile 3-Shelf Bookcases, Custom Colors"	3	East	626.352	Home Office	First Class
Furniture	0.2	New York City	United States	Mark Packer	2015	New York	October	Bookcases	"Atlantic Metals Mobile 4-Shelf Bookcases, Custom Colors"	4	East	899.136	Home Office	First Class
Furniture	0.1	New York City	United States	Nathan Mautz	2014	New York	November	Chairs	DMI Arturo Collection Mission-style Design Wood Chair	1	East	135.882	Home Office	Standard Class
Furniture	0	New York City	United States	Parhena Norris	2017	New York	November	Furnishings	9-3/4 Diameter Round Wall Clock	7	East	96.53	Home Office	Second Class
Furniture	0.3	Newark	United States	Joel Eaton	2015	Ohio	November	Chairs	"Padded Folding Chairs, Black, 4/Carton"	7	East	396.802	Consumer	Second Class
Furniture	0.2	Newark	United States	Maureen Gastineau	2014	Ohio	October	Furnishings	"Seth Thomas 14"" Putty-Colored Wall Clock"	4	East	93.888	Home Office	Standard Class
Furniture	0	Orem	United States	Emily Burns	2015	Utah	September	Tables	Bretford CR4500 Series Slim Rectangular Table	3	West	1044.63	Consumer	Standard Class
Furniture	0.6	Park Ridge	United States	Joni Sundaresam	2015	Illinois	January	Furnishings	Eldon ClusterMat Chair Mat with Cordless Antistatic Protection	7	North	254.744	Home Office	Standard Class
Furniture	0.45	Pembroke Pines	United States	Denny Ordway	2015	Florida	November	Tables	"Hon Practical Foundations 30 x 60 Training Table, Light Gray/Charcoal"	3	South	375.4575	Consumer	Standard Class
Furniture	0.2	Philadelphia	United States	Dean Katz	2015	Pennsylvania	December	Furnishings	3M Hangers With Command Adhesive	1	East	2.96	Corporate	Standard Class
Furniture	0.2	Philadelphia	United States	Jonathan Doherty	2016	Pennsylvania	September	Furnishings	"Howard Miller 13-3/4"" Diameter Brushed Chrome Round Wall Clock"	2	East	82.8	Corporate	Second Class
Furniture	0.3	Philadelphia	United States	Patrick O'Brill	2016	Pennsylvania	August	Chairs	Hon 2090 “Pillow Soft” Series Mid Back Swivel/Tilt Chairs	4	East	786.744	Consumer	First Class
Furniture	0.3	Philadelphia	United States	Sandra Flanagan	2017	Pennsylvania	July	Chairs	"Global Deluxe Stacking Chair, Gray"	2	East	71.372	Consumer	Second Class
Furniture	0.2	Philadelphia	United States	Tracy Blumstein	2015	Pennsylvania	September	Furnishings	"Howard Miller 13-3/4"" Diameter Brushed Chrome Round Wall Clock"	3	East	124.2	Consumer	Standard Class
Furniture	0.5	Philadelphia	United States	Tracy Blumstein	2015	Pennsylvania	September	Bookcases	"Riverside Palais Royal Lawyers Bookcase, Royale Cherry Finish"	7	East	3083.43	Consumer	Standard Class
Furniture	0.5	Phoenix	United States	Tanja Norvell	2016	Arizona	April	Tables	Bush Advantage Collection Racetrack Conference Table	6	West	1272.63	Home Office	Standard Class
Furniture	0.2	Phoenix	United States	Tanja Norvell	2016	Arizona	April	Furnishings	Eldon Wave Desk Accessories	5	West	23.56	Home Office	Standard Class
Furniture	0.6	Richardson	United States	Gene Hale	2016	Texas	December	Furnishings	"Electrix Architect's Clamp-On Swing Arm Lamp, Black"	5	North	190.92	Corporate	First Class
Furniture	0	Roseville	United States	Lena Creighton	2016	California	October	Furnishings	Longer-Life Soft White Bulbs	14	West	43.12	Consumer	Standard Class
Furniture	0.3	San Antonio	United States	Becky Martin	2014	Texas	September	Chairs	SAFCO Arco Folding Chair	9	North	1740.06	Consumer	Standard Class
Furniture	0.2	San Francisco	United States	Alyssa Crouse	2014	California	July	Tables	Hon 5100 Series Wood Tables	3	West	698.352	Corporate	Standard Class
Furniture	0	San Francisco	United States	Helen Andreada	2015	California	July	Furnishings	Regeneration Desk Collection	3	West	5.28	Consumer	First Class
Furniture	0.15	San Francisco	United States	Jeremy Pistek	2014	California	November	Bookcases	"Sauder Mission Library with Doors, Fruitwood Finish"	2	West	222.666	Consumer	Second Class
Furniture	0.2	San Francisco	United States	Keith Herrera	2017	California	December	Tables	"Bevis Round Conference Table Top, X-Base"	7	West	1004.024	Consumer	Standard Class
Furniture	0.2	San Francisco	United States	Keith Herrera	2017	California	December	Chairs	Novimex High-Tech Fabric Mesh Task Chair	2	West	113.568	Consumer	Standard Class
Furniture	0.15	San Francisco	United States	Keith Herrera	2017	California	December	Bookcases	O'Sullivan 4-Shelf Bookcase in Odessa Pine	13	West	1336.829	Consumer	Standard Class
Furniture	0.2	San Francisco	United States	Logan Haushalter	2016	California	December	Chairs	"Global Leather Highback Executive Chair with Pneumatic Height Adjustment, Black"	2	West	321.568	Consumer	Second Class
Furniture	0.2	Seattle	United States	Dave Brooks	2014	Washington	March	Chairs	Global Deluxe High-Back Manager's Chair	2	West	457.568	Consumer	Second Class
Furniture	0	Seattle	United States	Dave Kipp	2015	Washington	March	Tables	Hon Racetrack Conference Tables	3	West	787.53	Consumer	Standard Class
Furniture	0.2	Seattle	United States	Kimberly Carter	2017	Washington	November	Chairs	Global Deluxe Office Fabric Chairs	4	West	307.136	Corporate	Standard Class
Furniture	0.45	Tampa	United States	Christopher Schild	2017	Florida	April	Tables	Bretford Rectangular Conference Table Tops	3	South	620.6145	Home Office	Standard Class
Furniture	0.45	Tampa	United States	Christopher Schild	2017	Florida	April	Tables	Bush Advantage Collection Round Conference Table	2	South	233.86	Home Office	Standard Class
Furniture	0.2	Tampa	United States	Christopher Schild	2017	Florida	April	Furnishings	"Tenex Contemporary Contur Chairmats for Low and Medium Pile Carpet, Computer, 39"" x 49"""	3	South	258.072	Home Office	Standard Class
Furniture	0	Troy	United States	Jeremy Ellison	2016	New York	October	Furnishings	Electrix 20W Halogen Replacement Bulb for Zoom-In Desk Lamp	3	East	40.2	Consumer	Standard Class
Furniture	0.1	Troy	United States	Ted Butterfield	2016	New York	June	Chairs	Novimex Turbo Task Chair	5	East	319.41	Consumer	First Class
Furniture	0	Wilmington	United States	Steven Cartwright	2016	Delaware	June	Furnishings	Artistic Insta-Plaque	3	East	47.04	Consumer	First Class
Office Supplies	0.2	Akron	United States	Ed Braxton	2017	Ohio	October	Storage	Deluxe Rollaway Locking File with Drawer	2	East	665.408	Corporate	Standard Class
Office Supplies	0.2	Akron	United States	Maria Bertelson	2017	Ohio	June	Paper	Southworth 25% Cotton Linen-Finish Paper & Envelopes	3	East	21.744	Consumer	Standard Class
Office Supplies	0	Arlington	United States	Shahid Hopkins	2017	Virginia	April	Art	Faber Castell Col-Erase Pencils	1	South	4.89	Consumer	First Class
Office Supplies	0.2	Arvada	United States	Ben Peterman	2016	Colorado	September	Labels	Avery 509	3	West	6.264	Corporate	Second Class
Office Supplies	0	Auburn	United States	Raymond Buch	2016	New York	April	Art	50 Colored Long Pencils	3	East	30.48	Consumer	Second Class
Office Supplies	0	Auburn	United States	Raymond Buch	2016	New York	April	Art	Boston 1645 Deluxe Heavier-Duty Electric Pencil Sharpener	6	East	263.88	Consumer	Second Class
Office Supplies	0	Auburn	United States	Raymond Buch	2016	New York	April	Storage	Fellowes Bankers Box Recycled Super Stor/Drawer	3	East	161.94	Consumer	Second Class
Office Supplies	0	Auburn	United States	Raymond Buch	2016	New York	April	Art	Newell 342	3	East	9.84	Consumer	Second Class
Office Supplies	0	Auburn	United States	Raymond Buch	2016	New York	April	Art	Newell 345	3	East	59.52	Consumer	Second Class
Office Supplies	0.7	Aurora	United States	Lena Cacioppo	2015	Colorado	November	Binders	"Avery Trapezoid Ring Binder, 3"" Capacity, Black, 1040 sheets"	3	West	36.882	Consumer	Standard Class
Office Supplies	0.2	Austin	United States	Chad Sievert	2015	Texas	December	Storage	Fellowes Super Stor/Drawer	4	North	88.8	Consumer	Standard Class
Office Supplies	0	Belleville	United States	Jonathan Doherty	2016	New Jersey	October	Binders	Avery Premier Heavy-Duty Binder with Round Locking Rings	1	East	14.28	Corporate	Standard Class
Office Supplies	0	Belleville	United States	Jonathan Doherty	2016	New Jersey	October	Storage	"Tennsco Stur-D-Stor Boltless Shelving, 5 Shelves, 24"" Deep, Sand"	8	East	1082.48	Corporate	Standard Class
Office Supplies	0	Belleville	United States	Jonathan Doherty	2016	New Jersey	October	Paper	Xerox 1939	3	East	56.91	Corporate	Standard Class
Office Supplies	0	Belleville	United States	Jonathan Doherty	2016	New Jersey	October	Paper	Xerox 223	5	East	32.4	Corporate	Standard Class
Office Supplies	0.7	Bristol	United States	Greg Guthrie	2015	Tennessee	April	Binders	GBC DocuBind 300 Electric Binding Machine	1	South	157.794	Corporate	Standard Class
Office Supplies	0	Canton	United States	Janet Molinari	2017	Michigan	November	Binders	GBC VeloBinder Manual Binding System	8	North	287.92	Corporate	Second Class
Office Supplies	0	Carlsbad	United States	Ruben Dartt	2016	New Mexico	November	Envelopes	Staple envelope	5	West	28.4	Consumer	Standard Class
Office Supplies	0.2	Chapel Hill	United States	Claudia Bergmann	2017	North Carolina	June	Art	"Quartet Omega Colored Chalk, 12/Pack"	3	South	14.016	Corporate	Standard Class
Office Supplies	0.7	Charlotte	United States	Erin Ashbrook	2014	North Carolina	September	Binders	GBC Instant Index System for Binding Systems	7	South	18.648	Corporate	Standard Class
Office Supplies	0.2	Charlotte	United States	Heather Kirkland	2016	North Carolina	April	Paper	Southworth 25% Cotton Linen-Finish Paper & Envelopes	5	South	36.24	Corporate	Standard Class
Office Supplies	0.2	Charlotte	United States	Janet Martin	2017	North Carolina	November	Art	Newell Chalk Holder	1	South	3.304	Consumer	Standard Class
Office Supplies	0.2	Chicago	United States	Christopher Schild	2017	Illinois	November	Storage	Safco Industrial Wire Shelving	3	North	230.376	Home Office	First Class
Office Supplies	0.8	Chicago	United States	Craig Carreira	2016	Illinois	December	Binders	Cardinal Hold-It CD Pocket	3	North	4.788	Consumer	Second Class
Office Supplies	0.2	Chicago	United States	Dan Reichenbach	2015	Illinois	November	Storage	"Belkin 19"" Vented Equipment Shelf, Black"	2	North	82.368	Corporate	Standard Class
Office Supplies	0.2	Chicago	United States	Dan Reichenbach	2015	Illinois	November	Storage	"Tenex Personal Project File with Scoop Front Design, Black"	5	North	53.92	Corporate	Standard Class
Office Supplies	0.2	Chicago	United States	Jennifer Braxton	2014	Illinois	September	Labels	Avery 51	4	North	20.16	Corporate	Standard Class
Office Supplies	0.8	Chicago	United States	Jennifer Braxton	2014	Illinois	September	Appliances	Kensington 7 Outlet MasterPiece HOMEOFFICE Power Control Center	2	North	52.448	Corporate	Standard Class
Office Supplies	0.2	Chicago	United States	Ken Lonsdale	2016	Illinois	June	Art	"Binney & Smith Crayola Metallic Colored Pencils, 8-Color Set"	2	North	7.408	Consumer	Second Class
Office Supplies	0.2	Chicago	United States	Ken Lonsdale	2016	Illinois	June	Paper	Xerox 1957	5	North	25.92	Consumer	Second Class
Office Supplies	0.2	Chicago	United States	Philisse Overcash	2016	Illinois	June	Paper	Xerox 1908	7	North	313.488	Home Office	Second Class
Office Supplies	0.8	Chicago	United States	Rick Bensley	2016	Illinois	August	Binders	Avery Hidden Tab Dividers for Binding Systems	3	North	1.788	Home Office	Standard Class
Office Supplies	0.2	Chicago	United States	Rick Bensley	2016	Illinois	August	Paper	Avery Personal Creations Heavyweight Cards	7	North	64.624	Home Office	Standard Class
Office Supplies	0.2	Cincinnati	United States	Christine Abelman	2017	Ohio	December	Envelopes	"Recycled Interoffice Envelopes with String and Button Closure, 10 x 13"	3	East	57.576	Corporate	Standard Class
Office Supplies	0.2	Cincinnati	United States	Christine Abelman	2017	Ohio	December	Storage	Safco Commercial Shelving	1	East	37.208	Corporate	Standard Class
Office Supplies	0.2	Cincinnati	United States	Nathan Gelder	2014	Ohio	November	Art	Crayola Colored Pencils	1	East	2.624	Consumer	First Class
Office Supplies	0.7	Colorado Springs	United States	Kelly Lampkin	2014	Colorado	December	Binders	Ibico Laser Imprintable Binding System Covers	5	West	78.6	Corporate	First Class
Office Supplies	0.2	Colorado Springs	United States	Kelly Lampkin	2014	Colorado	December	Fasteners	"Vinyl Coated Wire Paper Clips in Organizer Box, 800/Box"	3	West	27.552	Corporate	First Class
Office Supplies	0.2	Columbus	United States	Dorothy Wardle	2017	Ohio	February	Fasteners	Staples	9	East	21.456	Corporate	First Class
Office Supplies	0.2	Columbus	United States	Dorothy Wardle	2017	Ohio	February	Paper	Xerox 1916	2	East	78.304	Corporate	First Class
Office Supplies	0.2	Columbus	United States	Nick Zandusky	2016	Ohio	November	Fasteners	Advantus SlideClip Paper Clips	7	East	19.096	Home Office	Second Class
Office Supplies	0.2	Columbus	United States	Nick Zandusky	2016	Ohio	November	Labels	Avery 512	8	East	18.496	Home Office	Second Class
Office Supplies	0.2	Columbus	United States	Ryan Crowe	2014	Ohio	August	Fasteners	"OIC Colored Binder Clips, Assorted Sizes"	14	East	40.096	Consumer	Second Class
Office Supplies	0.2	Columbus	United States	Ryan Crowe	2014	Ohio	August	Envelopes	"Redi-Strip #10 Envelopes, 4 1/8 x 9 1/2"	2	East	4.72	Consumer	Second Class
Office Supplies	0.2	Columbus	United States	Ryan Crowe	2014	Ohio	August	Envelopes	"Tyvek  Top-Opening Peel & Seel Envelopes, Plain White"	6	East	130.464	Consumer	Second Class
Office Supplies	0.2	Columbus	United States	Ryan Crowe	2014	Ohio	August	Paper	Xerox 1921	3	East	23.976	Consumer	Second Class
Office Supplies	0	Columbus	United States	Victoria Brennan	2017	Georgia	March	Labels	"Avery Address/Shipping Labels for Typewriters, 4"" x 2"""	2	South	20.7	Corporate	First Class
Office Supplies	0	Columbus	United States	Victoria Brennan	2017	Georgia	March	Appliances	Belkin 8 Outlet SurgeMaster II Gold Surge Protector with Phone Protection	8	South	647.84	Corporate	First Class
Office Supplies	0.2	Concord	United States	Andrew Allen	2017	North Carolina	April	Paper	Xerox 1967	3	South	15.552	Consumer	Standard Class
Office Supplies	0.2	Costa Mesa	United States	Sanjit Chand	2016	California	July	Binders	Clear Mylar Reinforcing Strips	8	West	119.616	Consumer	Standard Class
Office Supplies	0.8	Dallas	United States	Logan Currie	2017	Texas	December	Appliances	Eureka Sanitaire  Commercial Upright	2	North	66.284	Consumer	Second Class
Office Supplies	0.2	Decatur	United States	David Kendrick	2014	Illinois	December	Storage	"Tenex File Box, Personal Filing Tote with Lid, Black"	2	North	24.816	Corporate	Second Class
Office Supplies	0.2	Decatur	United States	Natalie Fritzler	2016	Illinois	September	Envelopes	Staple envelope	2	North	8.928	Consumer	Standard Class
Office Supplies	0	Decatur	United States	Stewart Carmichael	2016	Alabama	June	Appliances	"1.7 Cubic Foot Compact ""Cube"" Office Refrigerators"	1	South	208.16	Corporate	First Class
Office Supplies	0	Decatur	United States	Stewart Carmichael	2016	Alabama	June	Binders	Avery Heavy-Duty EZD  Binder With Locking Rings	3	South	16.74	Corporate	First Class
Office Supplies	0.2	Denver	United States	Bruce Stewart	2014	Colorado	August	Appliances	"Bravo II Megaboss 12-Amp Hard Body Upright, Replacement Belts, 2 Belts per Pack"	1	West	2.6	Consumer	First Class
Office Supplies	0	Detroit	United States	David Smith	2015	Michigan	August	Storage	Rogers Deluxe File Chest	1	North	21.98	Corporate	Standard Class
Office Supplies	0	Detroit	United States	David Smith	2015	Michigan	August	Art	"Sanford Uni-Blazer View Highlighters, Chisel Tip, Yellow"	1	North	2.2	Corporate	Standard Class
Office Supplies	0	Detroit	United States	Pete Kriz	2016	Michigan	September	Labels	Avery 520	7	North	22.05	Consumer	Second Class
Office Supplies	0	Detroit	United States	Pete Kriz	2016	Michigan	September	Storage	Eldon Mobile Mega Data Cart  Mega Stackable  Add-On Trays	3	North	70.95	Consumer	Second Class
Office Supplies	0	Detroit	United States	Pete Kriz	2016	Michigan	September	Storage	Fellowes Bankers Box Staxonsteel Drawer File/Stacking System	3	North	194.94	Consumer	Second Class
Office Supplies	0	Detroit	United States	Pete Kriz	2016	Michigan	September	Paper	"Xerox Color Copier Paper, 11"" x 17"", Ream"	4	North	91.36	Consumer	Second Class
Office Supplies	0.7	Dublin	United States	Joni Blumstein	2015	Ohio	December	Binders	Ibico Standard Transparent Covers	4	East	19.776	Consumer	First Class
Office Supplies	0.2	Dublin	United States	Joni Blumstein	2015	Ohio	December	Fasteners	OIC Bulk Pack Metal Binder Clips	2	East	5.584	Consumer	First Class
Office Supplies	0.2	Dublin	United States	Joni Blumstein	2015	Ohio	December	Art	Stanley Bostitch Contemporary Electric Pencil Sharpeners	2	East	27.168	Consumer	First Class
Office Supplies	0.2	Dublin	United States	Joni Blumstein	2015	Ohio	December	Paper	"While You Were Out Pads, 50 per Pad, 4 x 5 1/4, Green Cycle"	6	East	22.704	Consumer	First Class
Office Supplies	0.2	Durham	United States	Julie Creighton	2015	North Carolina	September	Envelopes	Jet-Pak Recycled Peel 'N' Seal Padded Mailers	7	South	200.984	Corporate	Standard Class
Office Supplies	0	Eagan	United States	Odella Nelson	2016	Minnesota	March	Binders	Wilson Jones Leather-Like Binders with DublLock Round Rings	2	North	17.46	Corporate	First Class
Office Supplies	0	Edmond	United States	Nora Paige	2016	Oklahoma	November	Labels	Avery 519	2	North	14.62	Consumer	Standard Class
Office Supplies	0	Fairfield	United States	Sally Knutson	2016	Connecticut	November	Binders	Avery Poly Binder Pockets	2	East	7.16	Consumer	Standard Class
Office Supplies	0	Fayetteville	United States	Maribeth Dona	2015	Arkansas	December	Envelopes	"Strathmore #10 Envelopes, Ultimate White"	2	South	105.42	Consumer	Standard Class
Office Supplies	0.2	Fort Lauderdale	United States	Sean O'Donnell	2015	Florida	October	Storage	Eldon Fold 'N Roll Cart System	2	South	22.368	Consumer	Standard Class
Office Supplies	0.8	Fort Worth	United States	Harold Pawlan	2015	Texas	November	Appliances	"Holmes Replacement Filter for HEPA Air Cleaner, Very Large Room, HEPA Filter"	5	North	68.81	Home Office	Standard Class
Office Supplies	0.8	Fort Worth	United States	Harold Pawlan	2015	Texas	November	Binders	Storex DuraTech Recycled Plastic Frosted Binders	3	North	2.544	Home Office	Standard Class
Office Supplies	0	Franklin	United States	Justin Ellison	2016	Wisconsin	December	Binders	GBC Prestige Therm-A-Bind Covers	5	North	171.55	Corporate	Standard Class
Office Supplies	0	Fremont	United States	Ken Black	2016	Nebraska	December	Appliances	"Acco Six-Outlet Power Strip, 4' Cord Length"	7	North	60.34	Corporate	Standard Class
Office Supplies	0	Fremont	United States	Ken Black	2016	Nebraska	December	Art	Newell 318	7	North	19.46	Corporate	Standard Class
Office Supplies	0.7	Gastonia	United States	Ross Baird	2016	North Carolina	April	Binders	GBC ProClick 150 Presentation Binding System	2	South	189.588	Home Office	Standard Class
Office Supplies	0.2	Gastonia	United States	Ross Baird	2016	North Carolina	April	Storage	Woodgrain Magazine Files by Perma	2	South	4.768	Home Office	Standard Class
Office Supplies	0.2	Gilbert	United States	Brendan Sweed	2014	Arizona	December	Art	"Hunt BOSTON Model 1606 High-Volume Electric Pencil Sharpener, Beige"	8	West	1113.024	Corporate	Standard Class
Office Supplies	0.2	Grand Prairie	United States	Alice McCarthy	2016	Texas	July	Storage	"Personal Filing Tote with Lid, Black/Gray"	3	North	37.224	Corporate	Standard Class
Office Supplies	0.2	Grand Prairie	United States	Alice McCarthy	2016	Texas	July	Paper	Southworth 25% Cotton Antique Laid Paper & Envelopes	3	North	20.016	Corporate	Standard Class
Office Supplies	0.2	Hamilton	United States	Cassandra Brandow	2014	Ohio	March	Art	"Binney & Smith Crayola Metallic Colored Pencils, 8-Color Set"	2	East	7.408	Consumer	Standard Class
Office Supplies	0.2	Hamilton	United States	Cassandra Brandow	2014	Ohio	March	Art	"Binney & Smith inkTank Erasable Desk Highlighter, Chisel Tip, Yellow, 12/Box"	3	East	6.048	Consumer	Standard Class
Office Supplies	0.2	Harlingen	United States	Guy Thornton	2017	Texas	May	Storage	File Shuttle I and Handi-File	3	North	53.424	Consumer	Standard Class
Office Supplies	0.2	Harlingen	United States	Guy Thornton	2017	Texas	May	Paper	Xerox 1930	5	North	25.92	Consumer	Standard Class
Office Supplies	0.2	Hesperia	United States	Grace Kelly	2016	California	April	Binders	Ibico Laser Imprintable Binding System Covers	6	West	251.52	Corporate	Standard Class
Office Supplies	0.2	Houston	United States	Anna Gayman	2016	Texas	September	Storage	"Contico 72""H Heavy-Duty Storage System"	4	North	131.136	Consumer	Second Class
Office Supplies	0.2	Houston	United States	Anna Gayman	2016	Texas	September	Storage	Super Decoflex Portable Personal File	3	North	35.952	Consumer	Second Class
Office Supplies	0.2	Houston	United States	Brenda Bowman	2017	Texas	September	Paper	Xerox 1897	8	North	31.872	Corporate	Standard Class
Office Supplies	0.2	Houston	United States	Gary Mitchum	2016	Texas	April	Storage	Eldon Portable Mobile Manager	7	North	158.368	Home Office	Second Class
Office Supplies	0.8	Houston	United States	Ken Brennan	2017	Texas	December	Binders	Economy Binders	3	North	1.248	Corporate	First Class
Office Supplies	0.2	Houston	United States	Ken Brennan	2017	Texas	December	Storage	"SimpliFile Personal File, Black Granite, 15w x 6-15/16d x 11-1/4h"	3	North	27.24	Corporate	First Class
Office Supplies	0.2	Houston	United States	Matt Abelman	2017	Texas	October	Paper	Easy-staple paper	3	North	29.472	Home Office	Second Class
Office Supplies	0.2	Houston	United States	Russell Applegate	2015	Texas	April	Storage	Akro-Mils 12-Gallon Tote	3	North	23.832	Consumer	Standard Class
Office Supplies	0.8	Houston	United States	Russell Applegate	2015	Texas	April	Binders	"GBC Twin Loop Wire Binding Elements, 9/16"" Spine, Black"	4	North	12.176	Consumer	Standard Class
Office Supplies	0.8	Houston	United States	Russell Applegate	2015	Texas	April	Appliances	Holmes Odor Grabber	3	North	8.652	Consumer	Standard Class
Office Supplies	0.8	Houston	United States	Shirley Jackson	2017	Texas	April	Appliances	"Acco 7-Outlet Masterpiece Power Center, Wihtout Fax/Phone Line Protection"	4	North	97.264	Consumer	Second Class
Office Supplies	0.2	Houston	United States	Steve Nguyen	2015	Texas	December	Envelopes	"#10-4 1/8"" x 9 1/2"" Premium Diagonal Seam Envelopes"	9	North	113.328	Home Office	Standard Class
Office Supplies	0.8	Houston	United States	Steven Cartwright	2015	Texas	September	Binders	Round Ring Binders	5	North	2.08	Consumer	Second Class
Office Supplies	0	Huntington Beach	United States	Caroline Jumper	2017	California	June	Art	Bulldog Vacuum Base Pencil Sharpener	8	West	95.92	Consumer	Standard Class
Office Supplies	0.2	Huntsville	United States	Carl Weiss	2014	Texas	June	Art	Boston 1645 Deluxe Heavier-Duty Electric Pencil Sharpener	2	North	70.368	Home Office	Second Class
Office Supplies	0	Independence	United States	Sandra Glassco	2017	Missouri	December	Appliances	Sanyo 2.5 Cubic Foot Mid-Size Office Refrigerators	3	North	839.43	Consumer	Standard Class
Office Supplies	0	Inglewood	United States	Barry Blumstein	2017	California	September	Paper	"Ampad Gold Fibre Wirebound Steno Books, 6"" x 9"", Gregg Ruled"	2	West	8.82	Corporate	First Class
Office Supplies	0	Inglewood	United States	Barry Blumstein	2017	California	September	Art	Newell 330	1	West	5.98	Corporate	First Class
Office Supplies	0	Jackson	United States	Harold Pawlan	2015	Michigan	October	Supplies	"Acme 10"" Easy Grip Assistive Scissors"	4	North	70.12	Home Office	Standard Class
Office Supplies	0	Jackson	United States	Tracy Blumstein	2017	Michigan	September	Paper	"Telephone Message Books with Fax/Mobile Section, 5 1/2"" x 3 3/16"""	3	North	19.05	Consumer	Second Class
Office Supplies	0.7	Jacksonville	United States	Mike Kennedy	2014	Florida	December	Binders	Insertable Tab Post Binder Dividers	2	South	4.812	Consumer	Standard Class
Office Supplies	0	Lakeville	United States	Dianna Wilson	2014	Minnesota	June	Paper	"Adams Telephone Message Book w/Frequently-Called Numbers Space, 400 Messages per Book"	6	North	47.88	Home Office	Second Class
Office Supplies	0	Lakeville	United States	Dianna Wilson	2014	Minnesota	June	Appliances	Honeywell Enviracaire Portable HEPA Air Cleaner for 17' x 22' Room	5	North	1503.25	Home Office	Second Class
Office Supplies	0	Lakeville	United States	Dianna Wilson	2014	Minnesota	June	Storage	Safco Steel Mobile File Cart	2	North	166.72	Home Office	Second Class
Office Supplies	0	Lakeville	United States	Dianna Wilson	2014	Minnesota	June	Paper	Xerox 205	4	North	25.92	Home Office	Second Class
Office Supplies	0	Lakewood	United States	Corey Roper	2014	New Jersey	June	Art	Boston Heavy-Duty Trimline Electric Pencil Sharpeners	6	East	289.2	Home Office	Standard Class
Office Supplies	0	Lakewood	United States	Corey Roper	2014	New Jersey	June	Binders	"GBC Clear Cover, 8-1/2 x 11, unpunched, 25 covers per pack"	3	East	45.48	Home Office	Standard Class
Office Supplies	0.2	Las Vegas	United States	Victor Preis	2017	Nevada	June	Binders	Tuf-Vin Binders	3	West	75.792	Home Office	Standard Class
Office Supplies	0	Lawrence	United States	Michael Paige	2017	Massachusetts	October	Storage	Crate-A-Files	3	East	32.7	Corporate	Standard Class
Office Supplies	0	Layton	United States	Ken Lonsdale	2015	Utah	June	Fasteners	"OIC Binder Clips, Mini, 1/4"" Capacity, Black"	4	West	4.96	Consumer	Second Class
Office Supplies	0	Lindenhurst	United States	Maya Herman	2015	New York	December	Paper	"Eaton Premium Continuous-Feed Paper, 25% Cotton, Letter Size, White, 1000 Shts/Box"	1	East	55.48	Corporate	Standard Class
Office Supplies	0	Long Beach	United States	Frank Atkinson	2014	California	September	Fasteners	OIC Binder Clips	2	West	7.16	Corporate	Standard Class
Office Supplies	0	Los Angeles	United States	Brosina Hoffman	2014	California	June	Appliances	Belkin F5C206VTEL 6 Outlet Surge	5	West	114.9	Consumer	Standard Class
Office Supplies	0.2	Los Angeles	United States	Brosina Hoffman	2014	California	June	Binders	DXL Angle-View Binders with Locking Rings by Samsill	3	West	18.504	Consumer	Standard Class
Office Supplies	0	Los Angeles	United States	Brosina Hoffman	2014	California	June	Art	Newell 322	4	West	7.28	Consumer	Standard Class
Office Supplies	0	Los Angeles	United States	Chad Sievert	2014	California	August	Paper	"Adams Phone Message Book, Professional, 400 Message Capacity, 5 3/6” x 11”"	3	West	20.94	Consumer	Standard Class
Office Supplies	0	Los Angeles	United States	Chad Sievert	2014	California	August	Paper	Xerox 1913	2	West	110.96	Consumer	Standard Class
Office Supplies	0	Los Angeles	United States	Darrin Van Huff	2016	California	June	Labels	Self-Adhesive Address Labels for Typewriters by Universal	2	West	14.62	Corporate	Second Class
Office Supplies	0.2	Los Angeles	United States	Doug Bickford	2015	California	September	Binders	Avery Non-Stick Binders	4	West	14.368	Consumer	Second Class
Office Supplies	0.2	Los Angeles	United States	Doug Bickford	2015	California	September	Binders	Storex Dura Pro Binders	1	West	4.752	Consumer	Second Class
Office Supplies	0.2	Los Angeles	United States	Eric Hoffmann	2016	California	January	Binders	Wilson Jones Active Use Binders	2	West	11.648	Consumer	Second Class
Office Supplies	0	Los Angeles	United States	Jim Sink	2016	California	September	Art	Turquoise Lead Holder with Pocket Clip	3	West	20.1	Corporate	Standard Class
Office Supplies	0	Los Angeles	United States	Jim Sink	2016	California	September	Paper	Xerox 1995	1	West	6.48	Corporate	Standard Class
Office Supplies	0	Los Angeles	United States	Jonathan Howell	2016	California	October	Storage	"Personal Filing Tote with Lid, Black/Gray"	6	West	93.06	Consumer	Standard Class
Office Supplies	0.2	Los Angeles	United States	Kunst Miller	2015	California	November	Binders	"Acco PRESSTEX Data Binder with Storage Hooks, Dark Blue, 14 7/8"" X 11"""	6	West	25.824	Consumer	Standard Class
Office Supplies	0	Los Angeles	United States	Kunst Miller	2015	California	November	Paper	Xerox 1943	3	West	146.73	Consumer	Standard Class
Office Supplies	0	Los Angeles	United States	Michelle Tran	2017	California	June	Labels	Alphabetical Labels for Top Tab Filing	2	West	29.6	Home Office	First Class
Office Supplies	0	Los Angeles	United States	Ruben Ausman	2016	California	July	Storage	"Eldon Base for stackable storage shelf, platinum"	2	West	77.88	Corporate	Standard Class
Office Supplies	0	Los Angeles	United States	Sung Pak	2017	California	March	Art	American Pencil	4	West	9.32	Corporate	Standard Class
Office Supplies	0	Los Angeles	United States	Sung Pak	2017	California	March	Envelopes	"White Envelopes, White Envelopes with Clear Poly Window"	1	West	15.25	Corporate	Standard Class
Office Supplies	0	Los Angeles	United States	Ted Trevino	2016	California	May	Paper	Xerox 1920	1	West	5.98	Consumer	First Class
Office Supplies	0	Lowell	United States	Dave Brooks	2016	Massachusetts	June	Storage	Letter Size Cart	5	East	714.3	Consumer	First Class
Office Supplies	0	Lowell	United States	Tamara Dahlen	2017	Massachusetts	July	Art	"BIC Brite Liner Highlighters, Chisel Tip"	2	East	12.96	Consumer	Standard Class
Office Supplies	0	Lowell	United States	Tamara Dahlen	2017	Massachusetts	July	Art	"Binney & Smith inkTank Erasable Desk Highlighter, Chisel Tip, Yellow, 12/Box"	3	East	7.56	Consumer	Standard Class
Office Supplies	0	Lowell	United States	Tamara Dahlen	2017	Massachusetts	July	Paper	Easy-staple paper	2	East	24.56	Consumer	Standard Class
Office Supplies	0	Madison	United States	Pete Kriz	2014	Wisconsin	November	Storage	"Stur-D-Stor Shelving, Vertical 5-Shelf: 72""H x 36""W x 18 1/2""D"	6	North	665.88	Consumer	Standard Class
Office Supplies	0	Manchester	United States	Michael Kennedy	2016	Connecticut	October	Storage	Pizazz Global Quick File	7	East	104.79	Corporate	Same Day
Office Supplies	0	Manchester	United States	Michael Kennedy	2016	Connecticut	October	Supplies	Staple remover	2	East	7.36	Corporate	Same Day
Office Supplies	0	Manchester	United States	Michael Kennedy	2016	Connecticut	October	Binders	Wilson Jones “Snap” Scratch Pad Binder Tool for Ring Binders	4	East	23.2	Corporate	Same Day
Office Supplies	0.2	Medina	United States	Victoria Wilson	2015	Ohio	January	Labels	Avery 505	2	East	23.68	Corporate	Standard Class
Office Supplies	0.2	Melbourne	United States	Erin Smith	2017	Florida	September	Storage	"Advantus 10-Drawer Portable Organizer, Chrome Metal Frame, Smoke Drawers"	2	South	95.616	Corporate	Standard Class
Office Supplies	0.2	Memphis	United States	Joel Eaton	2015	Tennessee	April	Storage	Safco Industrial Wire Shelving System	1	South	72.784	Consumer	Standard Class
Office Supplies	0.2	Miami	United States	Luke Foster	2014	Florida	December	Paper	Xerox 1974	2	South	9.568	Consumer	First Class
Office Supplies	0	Minneapolis	United States	Karl Braun	2015	Minnesota	January	Binders	Ibico Standard Transparent Covers	2	North	32.96	Consumer	Second Class
Office Supplies	0	Minneapolis	United States	Karl Braun	2015	Minnesota	January	Paper	Xerox 1999	2	North	12.96	Consumer	Second Class
Office Supplies	0	Morristown	United States	Paul Gonzalez	2016	New Jersey	January	Fasteners	Bagged Rubber Bands	6	East	7.56	Consumer	Standard Class
Office Supplies	0	New Albany	United States	Darren Powers	2015	Indiana	April	Labels	Avery 485	6	North	75.18	Consumer	Standard Class
Office Supplies	0	New Albany	United States	Darren Powers	2015	Indiana	April	Binders	"C-Line Peel & Stick Add-On Filing Pockets, 8-3/4 x 5-1/8, 10/Pack"	6	North	38.22	Consumer	Standard Class
Office Supplies	0.2	New York City	United States	Adam Bellavance	2016	New York	September	Binders	Acco Hanging Data Binders	1	East	3.048	Home Office	First Class
Office Supplies	0.2	New York City	United States	Adam Bellavance	2016	New York	September	Binders	GBC DocuBind P400 Electric Binding System	4	East	4355.168	Home Office	First Class
Office Supplies	0	New York City	United States	Adam Bellavance	2016	New York	September	Paper	Xerox 1881	6	East	73.68	Home Office	First Class
Office Supplies	0.2	New York City	United States	Craig Carreira	2017	New York	December	Binders	Acco 3-Hole Punch	5	East	17.52	Consumer	Second Class
Office Supplies	0	New York City	United States	Craig Carreira	2017	New York	December	Storage	Safco Industrial Shelving	3	East	221.55	Consumer	Second Class
Office Supplies	0	New York City	United States	Delfina Latchford	2016	New York	December	Storage	"Fellowes Personal Hanging Folder Files, Navy"	6	East	80.58	Consumer	First Class
Office Supplies	0	New York City	United States	Delfina Latchford	2016	New York	December	Envelopes	Tyvek Side-Opening Peel & Seel Expanding Envelopes	4	East	361.92	Consumer	First Class
Office Supplies	0	New York City	United States	Erin Mull	2014	New York	July	Art	"Premium Writing Pencils, Soft, #2 by North Association for the Blind"	2	East	5.96	Consumer	Standard Class
Office Supplies	0.2	New York City	United States	Henry MacAllister	2016	New York	September	Binders	Avery Binding System Hidden Tab Executive Style Index Sets	1	East	4.616	Consumer	Standard Class
Office Supplies	0	New York City	United States	Janet Molinari	2016	New York	December	Fasteners	Advantus Push Pins	7	East	15.26	Corporate	Standard Class
Office Supplies	0	New York City	United States	Jeremy Lonsdale	2016	New York	April	Envelopes	"#10 Gummed Flap White Envelopes, 100/Box"	2	East	8.26	Consumer	Standard Class
Office Supplies	0	New York City	United States	Jeremy Lonsdale	2016	New York	April	Paper	"Adams Phone Message Book, 200 Message Capacity, 8 1/16” x 11”"	5	East	34.4	Consumer	Standard Class
Office Supplies	0	New York City	United States	Jeremy Lonsdale	2016	New York	April	Art	"Dixon Prang Watercolor Pencils, 10-Color Set with Brush"	4	East	17.04	Consumer	Standard Class
Office Supplies	0	New York City	United States	Jim Kriz	2015	New York	December	Art	"Sanford Colorific Eraseable Coloring Pencils, 12 Count"	1	East	3.28	Home Office	Standard Class
Office Supplies	0	New York City	United States	John Grady	2016	New York	June	Storage	"Fellowes Strictly Business Drawer File, Letter/Legal Size"	5	East	704.25	Corporate	Standard Class
Office Supplies	0	New York City	United States	John Grady	2016	New York	June	Art	Prang Colored Pencils	5	East	14.7	Corporate	Standard Class
Office Supplies	0	New York City	United States	Katrina Willman	2017	New York	September	Labels	"Avery Address/Shipping Labels for Typewriters, 4"" x 2"""	2	East	20.7	Consumer	Standard Class
Office Supplies	0	New York City	United States	Katrina Willman	2017	New York	September	Art	Newell 333	2	East	5.56	Consumer	Standard Class
Office Supplies	0	New York City	United States	Mark Packer	2015	New York	October	Art	4009 Highlighters by Sanford	5	East	19.9	Home Office	First Class
Office Supplies	0	New York City	United States	Mark Packer	2015	New York	October	Paper	Xerox 205	8	East	51.84	Home Office	First Class
Office Supplies	0.2	New York City	United States	Mike Vittorini	2017	New York	December	Binders	"Angle-D Binders with Locking Rings, Label Holders"	4	East	23.36	Consumer	Standard Class
Office Supplies	0	New York City	United States	Nathan Mautz	2014	New York	November	Storage	"Trav-L-File Heavy-Duty Shuttle II, Black"	1	East	43.57	Home Office	Standard Class
Office Supplies	0	New York City	United States	Roy Französisch	2017	New York	December	Appliances	Staple holder	3	East	35.91	Consumer	Standard Class
Office Supplies	0.2	Newark	United States	Joel Eaton	2015	Ohio	November	Supplies	Acme Rosewood Handle Letter Opener	5	East	15.88	Consumer	Second Class
Office Supplies	0.8	Pasadena	United States	Dorris liebe	2017	Texas	June	Appliances	Eureka Disposable Bags for Sanitaire Vibra Groomer I Upright Vac	2	North	1.624	Corporate	Standard Class
Office Supplies	0	Pasadena	United States	Helen Andreada	2015	California	September	Storage	Safco Industrial Wire Shelving	7	West	671.93	Consumer	Standard Class
Office Supplies	0.8	Peoria	United States	Bart Pistole	2014	Illinois	June	Binders	Wilson Jones Century Plastic Molded Ring Binders	3	North	12.462	Corporate	Second Class
Office Supplies	0.2	Philadelphia	United States	Andrew Gjertsen	2017	Pennsylvania	October	Paper	"Adams Write n' Stick Phone Message Book, 11"" X 5 1/4"", 200 Messages"	4	East	18.176	Corporate	Standard Class
Office Supplies	0.2	Philadelphia	United States	Andrew Gjertsen	2017	Pennsylvania	October	Labels	Avery 489	3	East	24.84	Corporate	Standard Class
Office Supplies	0.2	Philadelphia	United States	Andrew Gjertsen	2017	Pennsylvania	October	Storage	Eldon Simplefile Box Office	6	East	59.712	Corporate	Standard Class
Office Supplies	0.2	Philadelphia	United States	Andrew Gjertsen	2017	Pennsylvania	October	Paper	"Post-it “Important Message” Note Pad, Neon Colors, 50 Sheets/Pad"	2	East	11.648	Corporate	Standard Class
Office Supplies	0.7	Philadelphia	United States	Fred Hopkins	2017	Pennsylvania	July	Binders	"Pressboard Covers with Storage Hooks, 9 1/2"" x 11"", Light Blue"	2	East	2.946	Corporate	Standard Class
Office Supplies	0.2	Philadelphia	United States	Fred Hopkins	2017	Pennsylvania	July	Paper	"Wirebound Message Books, 5-1/2 x 4 Forms, 2 or 4 Forms per Page"	3	East	16.056	Corporate	Standard Class
Office Supplies	0.7	Philadelphia	United States	John Lucas	2016	Pennsylvania	April	Binders	Ibico Recycled Grain-Textured Covers	2	East	20.724	Consumer	Second Class
Office Supplies	0.7	Philadelphia	United States	John Lucas	2016	Pennsylvania	April	Binders	Wilson Jones Custom Binder Spines & Labels	3	East	4.896	Consumer	Second Class
Office Supplies	0.7	Philadelphia	United States	Jonathan Doherty	2014	Pennsylvania	April	Binders	Fellowes PB200 Plastic Comb Binding Machine	10	East	509.97	Corporate	Second Class
Office Supplies	0.2	Philadelphia	United States	Jonathan Doherty	2014	Pennsylvania	April	Art	Newell 314	4	East	17.856	Corporate	Second Class
Office Supplies	0.2	Philadelphia	United States	Jonathan Doherty	2014	Pennsylvania	April	Fasteners	Staples	13	East	30.992	Corporate	Second Class
Office Supplies	0.2	Philadelphia	United States	Patrick O'Brill	2016	Pennsylvania	August	Storage	"File Shuttle II and Handi-File, Black"	2	East	54.224	Consumer	First Class
Office Supplies	0.7	Philadelphia	United States	Patrick O'Brill	2016	Pennsylvania	August	Binders	GBC Premium Transparent Covers with Diagonal Lined Pattern	6	East	37.764	Consumer	First Class
Office Supplies	0.2	Philadelphia	United States	Patrick O'Brill	2016	Pennsylvania	August	Labels	Round Specialty Laser Printer Labels	10	East	100.24	Consumer	First Class
Office Supplies	0.2	Philadelphia	United States	Sung Pak	2014	Pennsylvania	December	Art	"Boston School Pro Electric Pencil Sharpener, 1670"	4	East	99.136	Corporate	First Class
Office Supplies	0.7	Philadelphia	United States	Tracy Blumstein	2015	Pennsylvania	September	Binders	"Acco Pressboard Covers with Storage Hooks, 14 7/8"" x 11"", Executive Red"	6	East	6.858	Consumer	Standard Class
Office Supplies	0.7	Philadelphia	United States	Tracy Blumstein	2015	Pennsylvania	September	Binders	Avery Recycled Flexi-View Covers for Binding Systems	2	East	9.618	Consumer	Standard Class
Office Supplies	0.2	Philadelphia	United States	Tracy Blumstein	2015	Pennsylvania	September	Art	"BOSTON Model 1800 Electric Pencil Sharpeners, Putty/Woodgrain"	6	East	86.304	Consumer	Standard Class
Office Supplies	0.2	Philadelphia	United States	Tracy Blumstein	2015	Pennsylvania	September	Art	Lumber Crayons	2	East	15.76	Consumer	Standard Class
Office Supplies	0.2	Philadelphia	United States	Tracy Blumstein	2015	Pennsylvania	September	Envelopes	Poly String Tie Envelopes	2	East	3.264	Consumer	Standard Class
Office Supplies	0.2	Phoenix	United States	Tanja Norvell	2016	Arizona	April	Appliances	"Fellowes Premier Superior Surge Suppressor, 10-Outlet, With Phone and Remote"	2	West	78.272	Home Office	Standard Class
Office Supplies	0.7	Phoenix	United States	Tanja Norvell	2016	Arizona	April	Binders	Poly Designer Cover & Back	5	West	28.485	Home Office	Standard Class
Office Supplies	0.2	Phoenix	United States	Tanja Norvell	2016	Arizona	April	Supplies	Premier Electric Letter Opener	2	West	185.376	Home Office	Standard Class
Office Supplies	0.7	Phoenix	United States	Troy Staebel	2017	Arizona	November	Binders	"Avery Durable Slant Ring Binders, No Labels"	2	West	2.388	Consumer	Standard Class
Office Supplies	0.2	Phoenix	United States	Troy Staebel	2017	Arizona	November	Storage	"Trav-L-File Heavy-Duty Shuttle II, Black"	7	West	243.992	Consumer	Standard Class
Office Supplies	0.7	Portland	United States	Roger Barcio	2017	Oregon	November	Binders	Flexible Leather- Look Classic Collection Ring Binder	1	West	5.682	Home Office	Standard Class
Office Supplies	0.2	Portland	United States	Tracy Blumstein	2015	Oregon	September	Paper	Easy-staple paper	5	West	141.76	Consumer	Standard Class
Office Supplies	0.2	Portland	United States	Tracy Blumstein	2015	Oregon	September	Paper	Xerox 216	6	West	31.104	Consumer	Standard Class
Office Supplies	0.2	Quincy	United States	Muhammed MacIntyre	2016	Illinois	September	Paper	Xerox 1960	4	North	99.136	Corporate	First Class
Office Supplies	0	Redlands	United States	Mary Zewe	2015	California	October	Envelopes	Poly String Tie Envelopes	7	West	14.28	Corporate	Standard Class
Office Supplies	0	Richmond	United States	Victoria Brennan	2017	Kentucky	November	Paper	Xerox 1987	1	South	5.78	Corporate	Standard Class
Office Supplies	0	Rochester	United States	Astrea Jones	2014	New York	September	Envelopes	Colored Envelopes	3	East	11.07	Consumer	Standard Class
Office Supplies	0	Rochester	United States	Astrea Jones	2014	New York	September	Storage	Fellowes Officeware Wire Shelving	5	East	449.15	Consumer	Standard Class
Office Supplies	0	Rochester	United States	Gary Zandusky	2016	Minnesota	December	Paper	Universal Premium White Copier/Laser Paper (20Lb. and 87 Bright)	4	North	23.92	Consumer	Second Class
Office Supplies	0	Rochester	United States	Paul Gonzalez	2017	Minnesota	October	Labels	Avery 511	2	North	6.16	Consumer	Standard Class
Office Supplies	0	Roseville	United States	Lena Creighton	2016	California	October	Supplies	Fiskars Softgrip Scissors	6	West	65.88	Consumer	Standard Class
Office Supplies	0.2	Roseville	United States	Lena Creighton	2016	California	October	Binders	GBC Wire Binding Strips	3	West	76.176	Consumer	Standard Class
Office Supplies	0	Roseville	United States	Lena Creighton	2016	California	October	Fasteners	Ideal Clamps	2	West	4.02	Consumer	Standard Class
Office Supplies	0	Roseville	United States	Lena Creighton	2016	California	October	Art	"Sanford Colorific Colored Pencils, 12/Box"	4	West	11.52	Consumer	Standard Class
Office Supplies	0	Roseville	United States	Lena Creighton	2016	California	October	Paper	Xerox 1880	1	West	35.44	Consumer	Standard Class
Office Supplies	0	Roseville	United States	Lena Creighton	2016	California	October	Paper	Xerox 195	3	West	20.04	Consumer	Standard Class
Office Supplies	0	Saginaw	United States	Joseph Holt	2017	Michigan	December	Fasteners	"Advantus Push Pins, Aluminum Head"	9	North	52.29	Consumer	Standard Class
Office Supplies	0	Saginaw	United States	Joseph Holt	2017	Michigan	December	Binders	"Avery Durable Slant Ring Binders, No Labels"	4	North	15.92	Consumer	Standard Class
Office Supplies	0	Saginaw	United States	Joseph Holt	2017	Michigan	December	Storage	"Gould Plastics 18-Pocket Panel Bin, 34w x 5-1/4d x 20-1/2h"	1	North	91.99	Consumer	Standard Class
Office Supplies	0	Saginaw	United States	Joseph Holt	2017	Michigan	December	Storage	"Tennsco Lockers, Gray"	4	North	83.92	Consumer	Standard Class
Office Supplies	0	Saint Paul	United States	Elpida Rittenbach	2016	Minnesota	September	Appliances	Fellowes Basic Home/Office Series Surge Protectors	6	North	77.88	Corporate	Standard Class
Office Supplies	0.2	Saint Petersburg	United States	Andy Gerbode	2014	Florida	August	Paper	Xerox 21	3	South	15.552	Corporate	Standard Class
Office Supplies	0.2	San Antonio	United States	Becky Martin	2014	Texas	September	Art	BIC Brite Liner Highlighters	3	North	9.936	Consumer	Standard Class
Office Supplies	0.8	San Antonio	United States	Becky Martin	2014	Texas	September	Appliances	Kensington 7 Outlet MasterPiece Power Center	5	North	177.98	Consumer	Standard Class
Office Supplies	0.2	San Antonio	United States	Becky Martin	2014	Texas	September	Art	Sanford Liquid Accent Highlighters	6	North	32.064	Consumer	Standard Class
Office Supplies	0.2	San Antonio	United States	Becky Martin	2014	Texas	September	Storage	Space Solutions HD Industrial Steel Shelving.	3	North	275.928	Consumer	Standard Class
Office Supplies	0.2	San Antonio	United States	Ken Heidel	2017	Texas	October	Art	Design Ebony Sketching Pencil	6	North	6.672	Corporate	Standard Class
Office Supplies	0	San Diego	United States	Kelly Collister	2016	California	September	Paper	"Wirebound Message Books, Two 4 1/4"" x 5"" Forms per Page"	1	West	7.61	Consumer	Standard Class
Office Supplies	0	San Francisco	United States	Alejandro Savely	2016	California	October	Paper	Southworth Structures Collection	7	West	50.96	Corporate	First Class
Office Supplies	0.2	San Francisco	United States	Alejandro Savely	2016	California	October	Binders	"Square Ring Data Binders, Rigid 75 Pt. Covers, 11"" x 14-7/8"""	3	West	49.536	Corporate	First Class
Office Supplies	0.2	San Francisco	United States	Alyssa Crouse	2014	California	July	Binders	Tuff Stuff Recycled Round Ring Binders	2	West	7.712	Corporate	Standard Class
Office Supplies	0	San Francisco	United States	Duane Noonan	2014	California	October	Art	"Premium Writing Pencils, Soft, #2 by North Association for the Blind"	5	West	14.9	Consumer	Standard Class
Office Supplies	0	San Francisco	United States	Duane Noonan	2014	California	October	Storage	"Sortfiler Multipurpose Personal File Organizer, Black"	1	West	21.39	Consumer	Standard Class
Office Supplies	0.2	San Francisco	United States	Helen Andreada	2015	California	July	Binders	Presstex Flexible Ring Binders	3	West	10.92	Consumer	First Class
Office Supplies	0	San Francisco	United States	Jeremy Pistek	2014	California	November	Storage	"Decoflex Hanging Personal Folder File, Blue"	6	West	92.52	Consumer	Second Class
Office Supplies	0	San Francisco	United States	Jeremy Pistek	2014	California	November	Paper	"Recycled Desk Saver Line ""While You Were Out"" Book, 5 1/2"" X 4"""	7	West	62.65	Consumer	Second Class
Office Supplies	0	San Francisco	United States	Jeremy Pistek	2014	California	November	Storage	SAFCO Boltless Steel Shelving	3	West	340.92	Consumer	Second Class
Office Supplies	0	San Francisco	United States	Jeremy Pistek	2014	California	November	Paper	Xerox 1912	5	West	94.85	Consumer	Second Class
Office Supplies	0	San Francisco	United States	Julia Dunbar	2014	California	September	Storage	"Gould Plastics 9-Pocket Panel Bin, 18-3/8w x 5-1/4d x 20-1/2h, Black"	4	West	211.96	Consumer	Standard Class
Office Supplies	0.2	San Francisco	United States	Katherine Ducich	2017	California	June	Binders	Trimflex Flexible Post Binders	3	West	51.312	Consumer	First Class
Office Supplies	0	San Francisco	United States	Keith Herrera	2017	California	December	Labels	Self-Adhesive Removable Labels	9	West	28.35	Consumer	Standard Class
Office Supplies	0	San Francisco	United States	Keith Herrera	2017	California	December	Paper	"Wirebound Message Book, 4 per Page"	5	West	27.15	Consumer	Standard Class
Office Supplies	0	San Francisco	United States	Keith Herrera	2017	California	December	Paper	"Wirebound Service Call Books, 5 1/2"" x 4"""	1	West	9.68	Consumer	Standard Class
Office Supplies	0	San Francisco	United States	Keith Herrera	2017	California	December	Paper	Xerox 1908	1	West	55.98	Consumer	Standard Class
Office Supplies	0	San Francisco	United States	Kristen Hastings	2017	California	December	Storage	Adjustable Depth Letter/Legal Cart	4	West	725.84	Corporate	Second Class
Office Supplies	0	San Francisco	United States	Sally Hughsby	2017	California	September	Envelopes	Convenience Packs of Business Envelopes	3	West	10.86	Corporate	Standard Class
Office Supplies	0	San Francisco	United States	Sally Hughsby	2017	California	September	Art	Newell 343	3	West	8.82	Corporate	Standard Class
Office Supplies	0	San Francisco	United States	Sally Hughsby	2017	California	September	Paper	Xerox 1911	3	West	143.7	Corporate	Standard Class
Office Supplies	0	San Francisco	United States	Zuschuss Donatelli	2014	California	August	Art	Newell 341	2	West	8.56	Consumer	Second Class
Office Supplies	0.2	San Francisco	United States	Zuschuss Donatelli	2014	California	August	Binders	"Wilson Jones Hanging View Binder, White, 1"""	4	West	22.72	Consumer	Second Class
Office Supplies	0	San Jose	United States	Stephanie Phelps	2015	California	May	Paper	Southworth 25% Cotton Antique Laid Paper & Envelopes	7	West	58.38	Corporate	First Class
Office Supplies	0	San Jose	United States	Stephanie Phelps	2015	California	May	Storage	"Tenex Personal Project File with Scoop Front Design, Black"	6	West	80.88	Corporate	First Class
Office Supplies	0	San Jose	United States	Stephanie Phelps	2015	California	May	Paper	Xerox 1883	4	West	105.52	Corporate	First Class
Office Supplies	0	Santa Clara	United States	David Bremer	2017	California	November	Paper	Xerox 4200 Series MultiUse Premium Copy Paper (20Lb. and 84 Bright)	2	West	10.56	Corporate	Standard Class
Office Supplies	0.2	Scottsdale	United States	Tamara Willingham	2016	Arizona	March	Appliances	Belkin 7 Outlet SurgeMaster Surge Protector with Phone Protection	5	West	157.92	Home Office	First Class
Office Supplies	0.2	Seattle	United States	Irene Maddox	2016	Washington	December	Binders	Fellowes PB200 Plastic Comb Binding Machine	3	West	407.976	Consumer	Standard Class
Office Supplies	0	Seattle	United States	Joseph Holt	2015	Washington	December	Appliances	3M Office Air Cleaner	4	West	103.92	Consumer	Standard Class
Office Supplies	0.2	Seattle	United States	Joseph Holt	2015	Washington	December	Binders	Acco D-Ring Binder w/DublLock	3	West	51.312	Consumer	Standard Class
Office Supplies	0	Seattle	United States	Kimberly Carter	2017	Washington	November	Paper	Xerox 191	7	West	139.86	Corporate	Standard Class
Office Supplies	0.2	Seattle	United States	Max Jones	2016	Washington	November	Binders	Wilson Jones International Size A4 Ring Binders	2	West	27.68	Consumer	Standard Class
Office Supplies	0	Seattle	United States	Neil Knudson	2015	Washington	May	Art	Newell 311	3	West	6.63	Home Office	Standard Class
Office Supplies	0	Springfield	United States	Karen Daniels	2016	Virginia	June	Paper	"Snap-A-Way Black Print Carbonless Ruled Speed Letter, Triplicate"	2	South	75.88	Consumer	First Class
Office Supplies	0.2	Tamarac	United States	Alan Haines	2016	Florida	December	Appliances	"Acco 7-Outlet Masterpiece Power Center, Wihtout Fax/Phone Line Protection"	2	South	194.528	Corporate	Second Class
Office Supplies	0.7	Tamarac	United States	Alan Haines	2016	Florida	December	Binders	GBC VeloBinder Electric Binding Machine	7	South	254.058	Corporate	Second Class
Office Supplies	0.2	Tamarac	United States	Alan Haines	2016	Florida	December	Supplies	Premier Automatic Letter Opener	5	South	961.48	Corporate	Second Class
Office Supplies	0.7	Tampa	United States	Christopher Schild	2017	Florida	April	Binders	GBC Instant Index System for Binding Systems	2	South	5.328	Home Office	Standard Class
Office Supplies	0	Taylor	United States	Ken Brennan	2014	Michigan	December	Art	Newell 350	3	North	9.84	Corporate	Standard Class
Office Supplies	0	Troy	United States	Ted Butterfield	2016	New York	June	Paper	"Array Parchment Paper, Assorted Colors"	2	East	14.56	Consumer	First Class
Office Supplies	0	Troy	United States	Ted Butterfield	2016	New York	June	Storage	Home/Office Personal File Carts	6	East	208.56	Consumer	First Class
Office Supplies	0.2	Troy	United States	Ted Butterfield	2016	New York	June	Binders	Plastic Binding Combs	4	East	48.48	Consumer	First Class
Office Supplies	0	Troy	United States	Ted Butterfield	2016	New York	June	Art	Prang Dustless Chalk Sticks	1	East	1.68	Consumer	First Class
Office Supplies	0	Troy	United States	Ted Butterfield	2016	New York	June	Paper	Xerox 232	5	East	32.4	Consumer	First Class
Office Supplies	0.2	Tucson	United States	Arthur Gainer	2014	Arizona	July	Art	Newell 324	1	West	9.24	Consumer	Standard Class
Office Supplies	0.7	Tucson	United States	Arthur Gainer	2014	Arizona	July	Binders	Wilson Jones Custom Binder Spines & Labels	5	West	8.16	Consumer	Standard Class
Office Supplies	0	Urbandale	United States	Clay Ludtke	2016	Iowa	November	Binders	"Avery Durable Plastic 1"" Binders"	6	North	27.24	Consumer	Standard Class
Office Supplies	0	Urbandale	United States	Clay Ludtke	2016	Iowa	November	Art	"Hunt PowerHouse Electric Pencil Sharpener, Blue"	2	North	75.96	Consumer	Standard Class
Office Supplies	0	Warwick	United States	Saphhira Shifley	2017	Rhode Island	October	Storage	2300 Heavy-Duty Transfer File Systems by Perma	2	East	49.96	Corporate	Second Class
Office Supplies	0	Warwick	United States	Saphhira Shifley	2017	Rhode Island	October	Paper	Xerox 1958	2	East	12.96	Corporate	Second Class
Office Supplies	0	West Jordan	United States	Alejandro Grove	2014	Utah	May	Storage	Fellowes Super Stor/Drawer	2	West	55.5	Consumer	Second Class
Office Supplies	0	Westfield	United States	Valerie Mitchum	2017	New Jersey	November	Storage	Decoflex Hanging Personal Folder File	3	East	46.26	Home Office	Standard Class
Office Supplies	0	Westland	United States	Patrick O'Donnell	2014	Michigan	October	Storage	"Gould Plastics 9-Pocket Panel Bin, 18-3/8w x 5-1/4d x 20-1/2h, Black"	4	North	211.96	Consumer	Second Class
Office Supplies	0.2	Wilmington	United States	Stephanie Phelps	2014	North Carolina	April	Art	"Avery Hi-Liter EverBold Pen Style Fluorescent Highlighters, 4/Pack"	6	South	39.072	Corporate	Standard Class
Office Supplies	0	Wilmington	United States	Steven Cartwright	2016	Delaware	June	Storage	"Companion Letter/Legal File, Black"	6	East	226.56	Consumer	First Class
Office Supplies	0	Wilmington	United States	Steven Cartwright	2016	Delaware	June	Binders	DXL Angle-View Binders with Locking Rings by Samsill	4	East	30.84	Consumer	First Class
Office Supplies	0	Wilmington	United States	Steven Cartwright	2016	Delaware	June	Envelopes	Globe Weis Peel & Seel First Class Envelopes	9	East	115.02	Consumer	First Class
Technology	0	Auburn	United States	Raymond Buch	2016	New York	April	Phones	Belkin Grip Candy Sheer Case / Cover for iPhone 5 and 5S	4	East	35.12	Consumer	Second Class
Technology	0.2	Aurora	United States	Lena Cacioppo	2015	Colorado	November	Accessories	Logitech K350 2.4Ghz Wireless Keyboard	6	West	238.896	Consumer	Standard Class
Technology	0	Brentwood	United States	Alan Hwang	2015	California	November	Accessories	Microsoft Sculpt Comfort Mouse	2	West	79.9	Consumer	Standard Class
Technology	0.2	Charlotte	United States	Janet Martin	2017	North Carolina	November	Accessories	Memorex Mini Travel Drive 8 GB USB 2.0 Flash Drive	8	South	74.112	Consumer	Standard Class
Technology	0.2	Charlotte	United States	Janet Martin	2017	North Carolina	November	Phones	Speck Products Candyshell Flip Case	1	South	27.992	Consumer	Standard Class
Technology	0.2	Chicago	United States	Dan Reichenbach	2015	Illinois	November	Phones	Logitech Mobile Speakerphone P710e - speaker phone	6	North	647.904	Corporate	Standard Class
Technology	0.2	Chicago	United States	Ken Lonsdale	2016	Illinois	June	Phones	PureGear Roll-On Screen Protector	2	North	31.984	Consumer	Second Class
Technology	0.3	Chicago	United States	Philisse Overcash	2016	Illinois	June	Machines	"Canon Color ImageCLASS MF8580Cdw Wireless Laser All-In-One Printer, Copier, Scanner"	3	North	1007.979	Home Office	Second Class
Technology	0.2	Chicago	United States	Rick Bensley	2016	Illinois	August	Accessories	SanDisk Ultra 64 GB MicroSDHC Class 10 Memory Card	3	North	95.976	Home Office	Standard Class
Technology	0.2	Chicago	United States	Roy Collins	2016	Illinois	June	Phones	Cisco Small Business SPA 502G VoIP phone	4	North	328.224	Consumer	Standard Class
Technology	0.2	Chicago	United States	Sue Ann Reed	2014	Illinois	October	Phones	Apple iPhone 5S	6	North	2735.952	Consumer	First Class
Technology	0.4	Columbus	United States	Dorothy Wardle	2017	Ohio	February	Phones	Anker 36W 4-Port USB Wall Charger Travel Power Adapter for iPhone 5s 5c 5	5	East	59.97	Corporate	First Class
Technology	0.2	Columbus	United States	Nick Zandusky	2016	Ohio	November	Accessories	Logitech Wireless Gaming Headset G930	2	East	255.984	Home Office	Second Class
Technology	0.2	Dallas	United States	Michael Stewart	2015	Texas	February	Accessories	Memorex Micro Travel Drive 8 GB	2	North	20.8	Corporate	Second Class
Technology	0.2	Decatur	United States	David Kendrick	2014	Illinois	December	Accessories	Imation Secure+ Hardware Encrypted USB 2.0 Flash Drive; 16GB	7	North	408.744	Corporate	Second Class
Technology	0	Des Moines	United States	Jack Garza	2014	Washington	September	Copiers	Canon PC1080F Personal Copier	3	West	1799.97	Consumer	Second Class
Technology	0.2	Des Moines	United States	Jack Garza	2014	Washington	September	Phones	Nortel Meridian M3904 Professional Digital phone	2	West	246.384	Consumer	Second Class
Technology	0	Dover	United States	Lena Hernandez	2016	Delaware	June	Accessories	Imation 8gb Micro Traveldrive Usb 2.0 Flash Drive	3	East	45	Consumer	Standard Class
Technology	0	Dover	United States	Lena Hernandez	2016	Delaware	June	Phones	"LF Elite 3D Dazzle Designer Hard Case Cover, Lf Stylus Pen and Wiper For Apple Iphone 5c Mini Lite"	2	East	21.8	Consumer	Standard Class
Technology	0.7	Dublin	United States	Joni Blumstein	2015	Ohio	December	Machines	Swingline SM12-08 MicroCut Jam Free Shredder	4	East	479.988	Consumer	First Class
Technology	0	Eagan	United States	Odella Nelson	2016	Minnesota	March	Accessories	"Verbatim 25 GB 6x Blu-ray Single Layer Recordable Disc, 25/Pack"	2	North	45.98	Corporate	First Class
Technology	0	Edmond	United States	Nora Paige	2016	Oklahoma	November	Phones	Avaya 5420 Digital phone	7	North	944.93	Consumer	Standard Class
Technology	0	Franklin	United States	Justin Ellison	2016	Wisconsin	December	Phones	Anker Astro 15000mAh USB Portable Charger	3	North	149.97	Corporate	Standard Class
Technology	0	Franklin	United States	Justin Ellison	2016	Wisconsin	December	Phones	Plantronics Cordless Phone Headset with In-line Volume - M214C	11	North	384.45	Corporate	Standard Class
Technology	0.4	Gastonia	United States	Ross Baird	2016	North Carolina	April	Accessories	Imation Secure+ Hardware Encrypted USB 2.0 Flash Drive; 16GB	12	South	700.704	Home Office	Standard Class
Technology	0.2	Gilbert	United States	Brendan Sweed	2014	Arizona	December	Phones	netTALK DUO VoIP Telephone Service	4	West	167.968	Corporate	Standard Class
Technology	0	Hesperia	United States	Grace Kelly	2016	California	April	Accessories	Logitech Wireless Headset h800	1	West	99.99	Corporate	Standard Class
Technology	0.2	Houston	United States	Anna Gayman	2016	Texas	September	Accessories	Sony 64GB Class 10 Micro SDHC R40 Memory Card	2	North	57.584	Consumer	Second Class
Technology	0.4	Houston	United States	Sean Braxton	2014	Texas	September	Machines	Lexmark MX611dhe Monochrome Laser Printer	3	North	3059.982	Corporate	Second Class
Technology	0.4	Houston	United States	Sean Braxton	2014	Texas	September	Machines	Xerox WorkCentre 6505DN Laser Multifunction Printer	7	North	2519.958	Corporate	Second Class
Technology	0.2	Houston	United States	Steve Nguyen	2015	Texas	December	Phones	Plantronics HL10 Handset Lifter	4	North	371.168	Home Office	Standard Class
Technology	0.2	Houston	United States	Steven Cartwright	2015	Texas	September	Phones	Bose SoundLink Bluetooth Speaker	7	North	1114.4	Consumer	Second Class
Technology	0.2	Huntsville	United States	Carl Weiss	2014	Texas	June	Accessories	Logitech M510 Wireless Mouse	2	North	63.984	Home Office	Second Class
Technology	0.2	Huntsville	United States	Carl Weiss	2014	Texas	June	Phones	Square Credit Card Reader	1	North	7.992	Home Office	Second Class
Technology	0.2	Jacksonville	United States	Mike Kennedy	2014	Florida	December	Accessories	Belkin QODE FastFit Bluetooth Keyboard	5	South	247.8	Consumer	Standard Class
Technology	0.2	Los Angeles	United States	Brosina Hoffman	2014	California	June	Phones	Konftel 250 Conference phone - Charcoal black	4	West	911.424	Consumer	Standard Class
Technology	0.2	Los Angeles	United States	Brosina Hoffman	2014	California	June	Phones	Mitel 5320 IP Phone VoIP phone	6	West	907.152	Consumer	Standard Class
Technology	0.2	Los Angeles	United States	Doug Bickford	2015	California	September	Copiers	Hewlett Packard LaserJet 3310 Copier	2	West	959.984	Consumer	Second Class
Technology	0	Los Angeles	United States	Eric Hoffmann	2016	California	January	Accessories	Imation 8GB Mini TravelDrive USB 2.0 Flash Drive	3	West	90.57	Consumer	Second Class
Technology	0	Los Angeles	United States	Frank Merwin	2014	California	August	Accessories	SanDisk Ultra 32 GB MicroSDHC Class 10 Memory Card	8	West	176.8	Home Office	Standard Class
Technology	0.2	Los Angeles	United States	Jim Sink	2016	California	September	Phones	Panasonic Kx-TS550	2	West	73.584	Corporate	Standard Class
Technology	0.2	Los Angeles	United States	Jonathan Howell	2016	California	October	Phones	Adtran 1202752G1	3	West	302.376	Consumer	Standard Class
Technology	0.2	Los Angeles	United States	Kristen Hastings	2016	California	July	Phones	Cisco SPA525G2 IP Phone - Wireless	6	West	95.76	Corporate	Standard Class
Technology	0	Los Angeles	United States	Kunst Miller	2015	California	November	Accessories	"Verbatim 25 GB 6x Blu-ray Single Layer Recordable Disc, 3/Pack"	2	West	13.98	Consumer	Standard Class
Technology	0.2	Los Angeles	United States	Michelle Tran	2017	California	June	Phones	iHome FM Clock Radio with Lightning Dock	5	West	279.96	Home Office	First Class
Technology	0.2	Louisville	United States	Joel Eaton	2014	Colorado	June	Accessories	KeyTronic 6101 Series - Keyboard - Black	6	West	196.752	Consumer	First Class
Technology	0.7	Medina	United States	Victoria Wilson	2015	Ohio	January	Machines	Cisco 9971 IP Video Phone Charcoal	9	East	1188	Corporate	Standard Class
Technology	0.2	Medina	United States	Victoria Wilson	2015	Ohio	January	Accessories	Sony Micro Vault Click 16 GB USB 2.0 Flash Drive	2	East	89.584	Corporate	Standard Class
Technology	0.4	Medina	United States	Victoria Wilson	2015	Ohio	January	Phones	Speck Products Candyshell Flip Case	3	East	62.982	Corporate	Standard Class
Technology	0	Monroe	United States	Robert Marley	2014	Louisiana	November	Phones	AT&T TR1909W	4	South	503.96	Home Office	Second Class
Technology	0	Monroe	United States	Robert Marley	2014	Louisiana	November	Accessories	HP Standard 104 key PS/2 Keyboard	2	South	29	Home Office	Second Class
Technology	0	Monroe	United States	Robert Marley	2014	Louisiana	November	Phones	Nokia Lumia 521 (T-Mobile)	5	South	149.95	Home Office	Second Class
Technology	0.2	Naperville	United States	Linda Cazamias	2017	Illinois	September	Phones	Panasonic Kx-TS550	4	North	147.168	Corporate	Standard Class
Technology	0	New Rochelle	United States	Shirley Daniels	2014	New York	September	Machines	"Epson WorkForce WF-2530 All-in-One Printer, Copier Scanner"	1	East	69.99	Home Office	First Class
Technology	0	New York City	United States	Adam Bellavance	2016	New York	September	Accessories	Sabrent 4-Port USB 2.0 Hub	1	East	6.79	Home Office	First Class
Technology	0	New York City	United States	Craig Carreira	2017	New York	December	Accessories	Sabrent 4-Port USB 2.0 Hub	3	East	20.37	Consumer	Second Class
Technology	0	New York City	United States	Erin Mull	2014	New York	July	Accessories	Logitech G602 Wireless Gaming Mouse	2	East	159.98	Consumer	Standard Class
Technology	0	New York City	United States	Janet Molinari	2016	New York	December	Phones	AT&T CL83451 4-Handset Telephone	5	East	1029.95	Corporate	Standard Class
Technology	0	New York City	United States	Mark Packer	2015	New York	October	Phones	I Need's 3d Hello Kitty Hybrid Silicone Case Cover for HTC One X 4g with 3d Hello Kitty Stylus Pen Green/pink	6	East	71.76	Home Office	First Class
Technology	0	New York City	United States	Mike Vittorini	2017	New York	December	Accessories	Logitech LS21 Speaker System - PC Multimedia - 2.1-CH - Wired	2	East	39.98	Consumer	Standard Class
Technology	0	New York City	United States	Nathan Mautz	2014	New York	November	Machines	Canon imageCLASS MF7460 Monochrome Digital Laser Multifunction Copier	2	East	3991.98	Home Office	Standard Class
Technology	0	New York City	United States	Nathan Mautz	2014	New York	November	Accessories	NETGEAR N750 Dual Band Wi-Fi Gigabit Router	4	East	360	Home Office	Standard Class
Technology	0	New York City	United States	Nathan Mautz	2014	New York	November	Phones	Panasonic Kx-TS550	6	East	275.94	Home Office	Standard Class
Technology	0	Norman	United States	Ken Heidel	2016	Oklahoma	December	Accessories	Memorex Mini Travel Drive 16 GB USB 2.0 Flash Drive	4	North	63.88	Corporate	Standard Class
Technology	0.2	Orland Park	United States	Pete Armstrong	2015	Illinois	October	Accessories	Logitech Gaming G510s - Keyboard	5	North	339.96	Home Office	Standard Class
Technology	0.2	Pembroke Pines	United States	Denny Ordway	2015	Florida	November	Accessories	Logitech Media Keyboard K200	3	South	83.976	Consumer	Standard Class
Technology	0.7	Philadelphia	United States	Dean Katz	2015	Pennsylvania	December	Machines	Lexmark MarkNet N8150 Wireless Print Server	4	East	482.34	Corporate	Standard Class
Technology	0.2	Philadelphia	United States	Eric Murdock	2015	Pennsylvania	December	Accessories	Lenovo 17-Key USB Numeric Keypad	2	East	54.384	Consumer	Second Class
Technology	0.4	Philadelphia	United States	John Lucas	2016	Pennsylvania	April	Phones	AT&T 841000 Phone	2	East	82.8	Consumer	Second Class
Technology	0.4	Philadelphia	United States	Jonathan Doherty	2014	Pennsylvania	April	Phones	"Square Credit Card Reader, 4 1/2"" x 4 1/2"" x 1"", White"	12	East	71.928	Corporate	Second Class
Technology	0.4	Philadelphia	United States	Patrick O'Brill	2016	Pennsylvania	August	Phones	Aastra 57i VoIP phone	3	East	290.898	Consumer	First Class
Technology	0.2	Portland	United States	Tracy Blumstein	2015	Oregon	September	Accessories	Microsoft Arc Touch Mouse	5	West	239.8	Consumer	Standard Class
Technology	0.2	Richardson	United States	Gene Hale	2016	Texas	December	Phones	GE 30524EE4	7	North	1097.544	Corporate	First Class
Technology	0	Rochester	United States	Paul Gonzalez	2017	Minnesota	October	Accessories	Logitech LS21 Speaker System - PC Multimedia - 2.1-CH - Wired	1	North	19.99	Consumer	Standard Class
Technology	0	Saginaw	United States	Joseph Holt	2017	Michigan	December	Phones	Panasonic KX-TG6844B Expandable Digital Cordless Telephone	2	North	131.98	Consumer	Standard Class
Technology	0.2	Saint Petersburg	United States	Andy Gerbode	2014	Florida	August	Phones	AT&T 1070 Corded Phone	2	South	178.384	Corporate	Standard Class
Technology	0.2	San Antonio	United States	Becky Martin	2014	Texas	September	Phones	JBL Micro Wireless Portable Bluetooth Speaker	3	North	143.976	Consumer	Standard Class
Technology	0.4	San Antonio	United States	Becky Martin	2014	Texas	September	Machines	Lexmark MX611dhe Monochrome Laser Printer	8	North	8159.952	Consumer	Standard Class
Technology	0	San Diego	United States	Kelly Collister	2016	California	September	Accessories	Logitech P710e Mobile Speakerphone	13	West	3347.37	Consumer	Standard Class
Technology	0	San Diego	United States	Xylona Preis	2014	California	October	Accessories	Imation USB 2.0 Swivel Flash Drive USB flash drive - 4 GB - Pink	3	West	9.09	Consumer	Standard Class
Technology	0.2	San Francisco	United States	Clay Cheatham	2017	California	June	Phones	Anker 36W 4-Port USB Wall Charger Travel Power Adapter for iPhone 5s 5c 5	3	West	47.976	Consumer	Standard Class
Technology	0	San Francisco	United States	Helen Andreada	2015	California	July	Accessories	Logitech 910-002974 M325 Wireless Mouse for Web Scrolling	7	West	209.93	Consumer	First Class
Technology	0.2	San Francisco	United States	Jeremy Pistek	2014	California	November	Phones	Samsung Galaxy Note 3	4	West	703.968	Consumer	Second Class
Technology	0.2	San Francisco	United States	Keith Herrera	2017	California	December	Copiers	Sharp AL-1530CS Digital Copier	3	West	1199.976	Consumer	Standard Class
Technology	0	San Francisco	United States	Keith Herrera	2017	California	December	Accessories	Sony 64GB Class 10 Micro SDHC R40 Memory Card	5	West	179.95	Consumer	Standard Class
Technology	0.2	San Francisco	United States	Zuschuss Donatelli	2014	California	August	Phones	Cisco SPA 501G IP Phone	3	West	213.48	Consumer	Second Class
Technology	0.2	Scottsdale	United States	Tamara Willingham	2016	Arizona	March	Phones	Jabra BIZ 2300 Duo QD Duo Corded Headset	2	West	203.184	Home Office	First Class
Technology	0	Seattle	United States	Joseph Holt	2015	Washington	December	Accessories	Logitech G700s Rechargeable Gaming Mouse	9	West	899.91	Consumer	Standard Class
Technology	0	Seattle	United States	Sonia Sunley	2016	Washington	May	Accessories	Sony Micro Vault Click 8 GB USB 2.0 Flash Drive	2	West	93.98	Consumer	Standard Class
Technology	0.2	Tampa	United States	Christopher Schild	2017	Florida	April	Accessories	Logitech P710e Mobile Speakerphone	3	South	617.976	Home Office	Standard Class
Technology	0	Taylor	United States	Laura Armstrong	2015	Michigan	June	Accessories	Sony 32GB Class 10 Micro SDHC R40 Memory Card	2	North	41.9	Corporate	Second Class
Technology	0	Troy	United States	Ted Butterfield	2016	New York	June	Accessories	Imation 8gb Micro Traveldrive Usb 2.0 Flash Drive	2	East	30	Consumer	First Class
Technology	0.2	Tucson	United States	Arthur Gainer	2014	Arizona	July	Accessories	Microsoft Natural Keyboard Elite	10	West	479.04	Consumer	Standard Class
Technology	0.2	Tucson	United States	Arthur Gainer	2014	Arizona	July	Accessories	NETGEAR AC1750 Dual Band Gigabit Smart WiFi Router	8	West	1023.936	Consumer	Standard Class
Technology	0.2	Whittier	United States	Laurel Elliston	2017	California	December	Phones	Nortel Business Series Terminal T7208 Digital phone	4	West	444.768	Consumer	Standard Class
Technology	0	Wilmington	United States	Steven Cartwright	2016	Delaware	June	Phones	KLD Oscar II Style Snap-on Ultra Thin Side Flip Synthetic Leather Cover Case for HTC One HTC M7	7	East	68.04	Consumer	First Class
