Mileage,Make,Model,Trim,Type,Cylinder,Liter,Doors,Cruise,Sound,Leather
19225.0,Pontiac,Sunfire,Coupe 2D,Coupe,4,2.2,2,1,1,1
50387.0,SAAB,9_3,Linear Sedan 4D,Sedan,4,2.0,4,1,0,1
24568.0,Chevrolet,AVEO,LS Hatchback 4D,Hatchback,4,1.6,4,1,0,1
27096.0,Buick,Lacrosse,CXS Sedan 4D,Sedan,6,3.8,4,1,0,0
26980.0,Chevrolet,Impala,LS Sedan 4D,Sedan,6,3.8,4,1,1,0
27721.0,Pontiac,Grand Prix,GTP Sedan 4D,Sedan,6,3.8,4,1,0,1
1169.0,Chevrolet,Cobalt,LS Coupe 2D,Coupe,4,2.2,2,0,1,1
23335.0,Pontiac,Grand Am,GT Coupe 2D,Coupe,6,3.4,2,0,1,1
11221.0,Pontiac,G6,GT Sedan 4D,Sedan,6,3.5,4,1,1,1
17830.0,Pontiac,Sunfire,Coupe 2D,Coupe,4,2.2,2,1,1,1
20100.0,Chevrolet,AVEO,LS Hatchback 4D,Hatchback,4,1.6,4,0,1,0
17508.0,Cadillac,Deville,Sedan 4D,Sedan,8,4.6,4,1,0,1
15600.0,Cadillac,XLR-V8,Hardtop Conv 2D,Convertible,8,4.6,2,1,1,1
17594.0,Chevrolet,Cobalt,Sedan 4D,Sedan,4,2.2,4,0,1,1
31324.0,Buick,Lesabre,Limited Sedan 4D,Sedan,6,3.8,4,1,1,1
25394.0,Chevrolet,Malibu,LT Sedan 4D,Sedan,6,3.5,4,0,1,1
25845.0,Chevrolet,Cobalt,LS Coupe 2D,Coupe,4,2.2,2,1,1,1
22479.0,SAAB,9_3 HO,Aero Conv 2D,Convertible,4,2.0,2,1,0,0
13262.0,Pontiac,Grand Am,SE Sedan 4D,Sedan,4,2.2,4,0,1,1
14546.0,Chevrolet,Corvette,Conv 2D,Convertible,8,6.0,2,1,1,1
19521.0,Pontiac,Bonneville,GXP Sedan 4D,Sedan,8,4.6,4,1,1,1
12980.0,Chevrolet,Cobalt,LS Sedan 4D,Sedan,4,2.2,4,0,1,1
20925.0,SAAB,9_3,Linear Conv 2D,Convertible,4,2.0,2,1,0,1
31805.0,Cadillac,XLR-V8,Hardtop Conv 2D,Convertible,8,4.6,2,1,0,1
17787.0,Buick,Lesabre,Limited Sedan 4D,Sedan,6,3.8,4,1,1,0
22423.0,Pontiac,Bonneville,SE Sedan 4D,Sedan,6,3.8,4,1,1,0
24747.0,Pontiac,Bonneville,SE Sedan 4D,Sedan,6,3.8,4,1,1,1
21272.0,Chevrolet,Malibu,Sedan 4D,Sedan,6,3.5,4,1,1,1
,Chevrolet,Impala,LS Sedan 4D,Sedan,6,3.8,4,1,1,0
29925.0,Pontiac,Grand Prix,GT Sedan 4D,Sedan,6,3.8,4,1,1,0
19593.0,Chevrolet,Malibu,LT Sedan 4D,Sedan,6,3.5,4,1,1,1
35299.0,Chevrolet,AVEO,SVM Sedan 4D,Sedan,4,1.6,4,0,0,0
29891.0,Chevrolet,Cobalt,LS Coupe 2D,Coupe,4,2.2,2,1,1,1
17335.0,Buick,Park Avenue,Special Ed Ultra 4D,Sedan,6,3.8,4,1,0,1
17343.0,Chevrolet,Classic,Sedan 4D,Sedan,4,2.2,4,0,1,1
11554.0,Pontiac,Bonneville,SE Sedan 4D,Sedan,6,3.8,4,1,0,1
,Buick,Century,Sedan 4D,Sedan,6,3.1,4,1,0,1
23143.0,SAAB,9_5,Arc Sedan 4D,Sedan,4,2.3,4,1,1,1
22641.0,Pontiac,Grand Am,GT Coupe 2D,Coupe,6,3.4,2,1,1,1
19539.0,Pontiac,G6,Sedan 4D,Sedan,6,3.5,4,1,0,0
27574.0,Pontiac,Bonneville,SE Sedan 4D,Sedan,6,3.8,4,1,0,0
,Buick,Century,Sedan 4D,Sedan,6,3.1,4,1,1,0
,Cadillac,STS-V8,Sedan 4D,Sedan,8,4.6,4,1,1,1
10003.0,SAAB,9_3 HO,Aero Sedan 4D,Sedan,4,2.0,4,1,1,0
21778.0,Cadillac,STS-V6,Sedan 4D,Sedan,6,3.6,4,1,0,1
23989.0,Pontiac,Grand Prix,Sedan 4D,Sedan,6,3.8,4,1,0,0
31202.0,Chevrolet,Impala,Sedan 4D,Sedan,6,3.8,4,1,1,1
14304.0,Pontiac,Vibe,Sportwagon 4D,Wagon,4,1.8,4,0,0,1
14363.0,Buick,Lacrosse,CXL Sedan 4D,Sedan,6,3.6,4,1,1,1
10340.0,SAAB,9_3,Linear Conv 2D,Convertible,4,2.0,2,1,1,0
25014.0,Chevrolet,Cavalier,Sedan 4D,Sedan,4,2.2,4,1,1,1
20309.0,Chevrolet,Classic,Sedan 4D,Sedan,4,2.2,4,1,1,1
4922.0,Chevrolet,Cavalier,Sedan 4D,Sedan,4,2.2,4,0,1,1
22814.0,SAAB,9_3 HO,Aero Sedan 4D,Sedan,4,2.0,4,1,1,1
12305.0,Chevrolet,Classic,Sedan 4D,Sedan,4,2.2,4,1,1,1
7372.0,Chevrolet,Cavalier,Coupe 2D,Coupe,4,2.2,2,1,1,1
12251.0,SAAB,9_3,Linear Conv 2D,Convertible,4,2.0,2,1,0,0
865.0,Chevrolet,Cobalt,LT Sedan 4D,Sedan,4,2.2,4,1,1,1
11892.0,Pontiac,Bonneville,GXP Sedan 4D,Sedan,8,4.6,4,1,0,1
6447.0,Cadillac,Deville,Sedan 4D,Sedan,8,4.6,4,1,0,1
6685.0,Cadillac,CST-V,Sedan 4D,Sedan,8,5.7,4,1,0,1
25247.0,SAAB,9_5,Arc Sedan 4D,Sedan,4,2.3,4,1,1,1
19800.0,Buick,Lacrosse,CX Sedan 4D,Sedan,6,3.6,4,1,1,1
19490.0,Chevrolet,Malibu,LT MAXX Hback 4D,Hatchback,6,3.5,4,1,1,1
24031.0,SAAB,9_3 HO,Arc Conv 2D,Convertible,4,2.0,2,1,0,1
27600.0,SAAB,9_3 HO,Aero Sedan 4D,Sedan,4,2.0,4,1,1,0
10011.0,Chevrolet,AVEO,LS Hatchback 4D,Hatchback,4,1.6,4,0,0,1
5144.0,SAAB,9_3 HO,Arc Sedan 4D,Sedan,4,2.0,4,1,1,0
25816.0,Chevrolet,Cavalier,LS Coupe 2D,Coupe,4,2.2,2,0,1,1
33357.0,Chevrolet,Impala,Sedan 4D,Sedan,6,3.8,4,1,1,1
11393.0,Chevrolet,Malibu,Sedan 4D,Sedan,6,3.5,4,1,1,1
19148.0,Pontiac,Bonneville,GXP Sedan 4D,Sedan,8,4.6,4,1,0,1
31197.0,Pontiac,Bonneville,GXP Sedan 4D,Sedan,8,4.6,4,1,1,1
7287.0,Pontiac,G6,Sedan 4D,Sedan,6,3.5,4,1,1,1
22380.0,Chevrolet,AVEO,LT Sedan 4D,Sedan,4,1.6,4,0,1,0
10213.0,Chevrolet,AVEO,LT Sedan 4D,Sedan,4,1.6,4,0,0,1
,Cadillac,Deville,DTS Sedan 4D,Sedan,8,4.6,4,1,0,1
5131.0,Pontiac,Grand Am,GT Coupe 2D,Coupe,6,3.4,2,0,1,1
2189.0,Pontiac,Grand Prix,Sedan 4D,Sedan,6,3.8,4,1,1,1
20334.0,Chevrolet,AVEO,LS Hatchback 4D,Hatchback,4,1.6,4,1,0,0
,Cadillac,Deville,DHS Sedan 4D,Sedan,8,4.6,4,1,1,1
24008.0,Buick,Lacrosse,CX Sedan 4D,Sedan,6,3.6,4,1,0,0
20105.0,Buick,Park Avenue,Sedan 4D,Sedan,6,3.8,4,1,0,0
22964.0,Chevrolet,Impala,SS Sedan 4D,Sedan,6,3.8,4,1,1,1
,Cadillac,Deville,DHS Sedan 4D,Sedan,8,4.6,4,1,0,1
11273.0,SAAB,9_3 HO,Arc Sedan 4D,Sedan,4,2.0,4,1,1,0
27558.0,SAAB,9_3 HO,Aero Conv 2D,Convertible,4,2.0,2,1,0,1
21627.0,Chevrolet,Cobalt,LT Sedan 4D,Sedan,4,2.2,4,0,1,1
23826.0,Chevrolet,Corvette,Conv 2D,Convertible,8,6.0,2,1,1,1
33374.0,Pontiac,Vibe,AWD Sportwagon 4D,Wagon,4,1.8,4,0,1,1
23621.0,Chevrolet,Malibu,LS Sedan 4D,Sedan,6,3.5,4,0,1,1
30063.0,Pontiac,G6,GT Sedan 4D,Sedan,6,3.5,4,1,0,1
14937.0,Cadillac,CTS,Sedan 4D,Sedan,6,2.8,4,1,1,1
17959.0,Pontiac,Grand Prix,Sedan 4D,Sedan,6,3.8,4,1,0,0
14754.0,Chevrolet,Malibu,MAXX Hback 4D,Hatchback,6,3.5,4,0,1,1
21341.0,Cadillac,CST-V,Sedan 4D,Sedan,8,5.7,4,1,0,1
27199.0,Pontiac,GTO,Coupe 2D,Coupe,8,5.7,2,1,1,1
30502.0,Chevrolet,Corvette,Conv 2D,Convertible,8,6.0,2,1,1,1
3946.0,Pontiac,Grand Am,SE Sedan 4D,Sedan,4,2.2,4,1,1,1
27776.0,Chevrolet,AVEO,LT Sedan 4D,Sedan,4,1.6,4,1,0,0
,Cadillac,STS-V8,Sedan 4D,Sedan,8,4.6,4,1,0,1
18451.0,Chevrolet,Malibu,LT MAXX Hback 4D,Hatchback,6,3.5,4,0,1,1
583.0,Cadillac,XLR-V8,Hardtop Conv 2D,Convertible,8,4.6,2,1,1,1
29649.0,Buick,Lacrosse,CXS Sedan 4D,Sedan,6,3.8,4,1,1,1
5690.0,Pontiac,G6,GT Sedan 4D,Sedan,6,3.5,4,1,1,1
27966.0,Pontiac,Bonneville,SLE Sedan 4D,Sedan,6,3.8,4,1,0,1
23553.0,SAAB,9_3,Linear Conv 2D,Convertible,4,2.0,2,1,1,0
20917.0,Pontiac,Grand Am,GT Coupe 2D,Coupe,6,3.4,2,1,1,1
14824.0,Chevrolet,Cobalt,LT Sedan 4D,Sedan,4,2.2,4,1,1,1
14231.0,Chevrolet,Cavalier,LS Sport Coupe 2D,Coupe,4,2.2,2,1,1,1
12610.0,Pontiac,Vibe,Sportwagon 4D,Wagon,4,1.8,4,1,1,1
23976.0,Pontiac,Grand Am,SE Sedan 4D,Sedan,4,2.2,4,0,1,1
22189.0,SAAB,9_3 HO,Arc Sedan 4D,Sedan,4,2.0,4,1,0,0
,Chevrolet,Corvette,Coupe 2D,Coupe,8,6.0,2,1,0,1
25564.0,Buick,Park Avenue,Sedan 4D,Sedan,6,3.8,4,1,1,1
13196.0,Buick,Century,Sedan 4D,Sedan,6,3.1,4,1,1,0
3625.0,Chevrolet,Corvette,Conv 2D,Convertible,8,6.0,2,1,1,1
13607.0,Chevrolet,Cavalier,Coupe 2D,Coupe,4,2.2,2,0,1,1
17381.0,SAAB,9_3 HO,Aero Conv 2D,Convertible,4,2.0,2,1,1,1
,Cadillac,STS-V8,Sedan 4D,Sedan,8,4.6,4,1,1,1
36566.0,Chevrolet,Classic,Sedan 4D,Sedan,4,2.2,4,0,1,1
11322.0,Chevrolet,Cavalier,LS Sedan 4D,Sedan,4,2.2,4,1,1,1
25245.0,Buick,Lacrosse,CXL Sedan 4D,Sedan,6,3.6,4,1,0,0
34175.0,SAAB,9_3 HO,Arc Sedan 4D,Sedan,4,2.0,4,1,1,0
,Cadillac,Deville,DTS Sedan 4D,Sedan,8,4.6,4,1,0,1
20472.0,Pontiac,Bonneville,GXP Sedan 4D,Sedan,8,4.6,4,1,1,1
9795.0,SAAB,9_5,Arc Sedan 4D,Sedan,4,2.3,4,1,1,1
12314.0,Pontiac,Grand Prix,GTP Sedan 4D,Sedan,6,3.8,4,1,1,0
21304.0,Pontiac,Grand Prix,GT Sedan 4D,Sedan,6,3.8,4,1,1,0
19945.0,Chevrolet,AVEO,LS Sedan 4D,Sedan,4,1.6,4,0,0,0
21307.0,Pontiac,Vibe,GT Sportwagon,Wagon,4,1.8,4,0,0,0
14054.0,Chevrolet,Impala,Sedan 4D,Sedan,6,3.8,4,1,1,1
27906.0,Chevrolet,AVEO,LS Hatchback 4D,Hatchback,4,1.6,4,0,0,0
25960.0,Chevrolet,Corvette,Conv 2D,Convertible,8,6.0,2,1,0,1
26070.0,Chevrolet,Impala,Sedan 4D,Sedan,6,3.8,4,1,1,1
26511.0,Pontiac,Grand Prix,GT Sedan 4D,Sedan,6,3.8,4,1,0,1
17053.0,Pontiac,Vibe,GT Sportwagon,Wagon,4,1.8,4,0,0,1
21891.0,Pontiac,Sunfire,Coupe 2D,Coupe,4,2.2,2,1,1,1
12071.0,Pontiac,Grand Am,GT Coupe 2D,Coupe,6,3.4,2,1,1,1
30056.0,Chevrolet,AVEO,LT Hatchback 4D,Hatchback,4,1.6,4,1,1,1
22042.0,Cadillac,STS-V6,Sedan 4D,Sedan,6,3.6,4,1,1,1
20154.0,Chevrolet,Malibu,Sedan 4D,Sedan,6,3.5,4,0,1,1
23886.0,Pontiac,GTO,Coupe 2D,Coupe,8,5.7,2,1,0,1
17971.0,Chevrolet,Cavalier,LS Sport Coupe 2D,Coupe,4,2.2,2,1,1,1
21452.0,Chevrolet,Malibu,MAXX Hback 4D,Hatchback,6,3.5,4,0,1,1
14461.0,Chevrolet,Impala,SS Sedan 4D,Sedan,6,3.8,4,1,1,1
27686.0,SAAB,9_3,Linear Sedan 4D,Sedan,4,2.0,4,1,0,0
22891.0,Pontiac,Bonneville,SLE Sedan 4D,Sedan,6,3.8,4,1,1,1
12090.0,SAAB,9_3 HO,Arc Conv 2D,Convertible,4,2.0,2,1,1,1
21391.0,Pontiac,Vibe,GT Sportwagon,Wagon,4,1.8,4,0,1,1
13145.0,Pontiac,Sunfire,Coupe 2D,Coupe,4,2.2,2,0,1,1
19715.0,Chevrolet,Cavalier,LS Sport Coupe 2D,Coupe,4,2.2,2,1,1,1
17741.0,Chevrolet,Cavalier,LS Coupe 2D,Coupe,4,2.2,2,0,1,1
16754.0,Cadillac,STS-V6,Sedan 4D,Sedan,6,3.6,4,1,0,1
22102.0,Buick,Lacrosse,CXS Sedan 4D,Sedan,6,3.8,4,1,0,1
25199.0,Cadillac,CST-V,Sedan 4D,Sedan,8,5.7,4,1,1,1
24905.0,Chevrolet,Malibu,LT MAXX Hback 4D,Hatchback,6,3.5,4,1,1,1
13776.0,Chevrolet,Cobalt,Coupe 2D,Coupe,4,2.2,2,0,1,1
21797.0,Buick,Lesabre,Custom Sedan 4D,Sedan,6,3.8,4,1,0,1
,Chevrolet,Corvette,Coupe 2D,Coupe,8,6.0,2,1,1,1
5239.0,Chevrolet,Corvette,Conv 2D,Convertible,8,6.0,2,1,1,1
10014.0,Buick,Park Avenue,Sedan 4D,Sedan,6,3.8,4,1,1,0
27015.0,SAAB,9_3 HO,Aero Sedan 4D,Sedan,4,2.0,4,1,0,0
34621.0,Chevrolet,AVEO,LT Sedan 4D,Sedan,4,1.6,4,0,1,0
28239.0,Chevrolet,Malibu,LT Sedan 4D,Sedan,6,3.5,4,0,1,1
19740.0,Chevrolet,Malibu,LS MAXX Hback 4D,Hatchback,6,3.5,4,1,1,1
27394.0,Chevrolet,Cobalt,Coupe 2D,Coupe,4,2.2,2,1,1,1
13050.0,Buick,Park Avenue,Special Ed Ultra 4D,Sedan,6,3.8,4,1,1,0
19386.0,Chevrolet,Malibu,LS MAXX Hback 4D,Hatchback,6,3.5,4,1,1,1
23931.0,Pontiac,Sunfire,Coupe 2D,Coupe,4,2.2,2,0,1,1
9185.0,Pontiac,GTO,Coupe 2D,Coupe,8,5.7,2,1,1,1
24960.0,Pontiac,GTO,Coupe 2D,Coupe,8,5.7,2,1,1,1
26191.0,Chevrolet,AVEO,SVM Sedan 4D,Sedan,4,1.6,4,0,0,1
22637.0,Pontiac,Grand Prix,Sedan 4D,Sedan,6,3.8,4,1,0,0
18277.0,Chevrolet,Malibu,LT Sedan 4D,Sedan,6,3.5,4,1,1,1
25796.0,Cadillac,STS-V6,Sedan 4D,Sedan,6,3.6,4,1,1,1
19183.0,Chevrolet,AVEO,SVM Sedan 4D,Sedan,4,1.6,4,0,0,0
26126.0,Pontiac,GTO,Coupe 2D,Coupe,8,5.7,2,1,1,1
21418.0,Pontiac,GTO,Coupe 2D,Coupe,8,5.7,2,1,0,1
16068.0,SAAB,9_3,Linear Sedan 4D,Sedan,4,2.0,4,1,0,0
19612.0,Chevrolet,Cavalier,LS Coupe 2D,Coupe,4,2.2,2,1,1,1
23798.0,Buick,Park Avenue,Sedan 4D,Sedan,6,3.8,4,1,0,1
18908.0,Buick,Lacrosse,CXL Sedan 4D,Sedan,6,3.6,4,1,0,0
5379.0,Chevrolet,Impala,SS Sedan 4D,Sedan,6,3.8,4,1,1,0
25216.0,Chevrolet,AVEO,SVM Sedan 4D,Sedan,4,1.6,4,0,0,0
27544.0,Cadillac,Deville,Sedan 4D,Sedan,8,4.6,4,1,1,1
32039.0,Chevrolet,Corvette,Conv 2D,Convertible,8,6.0,2,1,1,1
,Cadillac,Deville,DTS Sedan 4D,Sedan,8,4.6,4,1,0,1
22484.0,Chevrolet,AVEO,LS Hatchback 4D,Hatchback,4,1.6,4,0,1,1
,Chevrolet,AVEO,SVM Hatchback 4D,Hatchback,4,1.6,4,0,0,1
22841.0,Chevrolet,Malibu,MAXX Hback 4D,Hatchback,6,3.5,4,1,1,1
21525.0,Chevrolet,Cavalier,Sedan 4D,Sedan,4,2.2,4,0,1,1
19081.0,Pontiac,Sunfire,Coupe 2D,Coupe,4,2.2,2,1,1,1
25830.0,Pontiac,Grand Prix,GT Sedan 4D,Sedan,6,3.8,4,1,0,1
21702.0,Pontiac,G6,Sedan 4D,Sedan,6,3.5,4,1,0,0
23069.0,Chevrolet,Classic,Sedan 4D,Sedan,4,2.2,4,1,1,1
39049.0,Chevrolet,Monte Carlo,LT Coupe 2D,Coupe,6,3.8,2,1,0,1
19818.0,Chevrolet,Cobalt,LT Sedan 4D,Sedan,4,2.2,4,0,1,1
10555.0,Cadillac,Deville,Sedan 4D,Sedan,8,4.6,4,1,1,1
26252.0,Pontiac,Bonneville,SLE Sedan 4D,Sedan,6,3.8,4,1,0,1
,Chevrolet,Cavalier,Coupe 2D,Coupe,4,2.2,2,1,1,1
18562.0,Chevrolet,Malibu,Sedan 4D,Sedan,6,3.5,4,1,1,1
,Cadillac,Deville,DTS Sedan 4D,Sedan,8,4.6,4,1,1,1
17337.0,Chevrolet,Monte Carlo,LT Coupe 2D,Coupe,6,3.8,2,1,1,1
19467.0,Buick,Lacrosse,CXL Sedan 4D,Sedan,6,3.6,4,1,0,1
,Cadillac,Deville,DTS Sedan 4D,Sedan,8,4.6,4,1,0,1
31587.0,Cadillac,STS-V8,Sedan 4D,Sedan,8,4.6,4,1,0,1
7892.0,Cadillac,XLR-V8,Hardtop Conv 2D,Convertible,8,4.6,2,1,1,1
35624.0,Pontiac,G6,Sedan 4D,Sedan,6,3.5,4,1,1,0
13457.0,Chevrolet,Monte Carlo,LT Coupe 2D,Coupe,6,3.8,2,1,1,0
35326.0,Cadillac,STS-V6,Sedan 4D,Sedan,6,3.6,4,1,1,1
8427.0,Chevrolet,Cavalier,LS Sport Sedan 4D,Sedan,4,2.2,4,0,1,1
17158.0,Chevrolet,Cobalt,LT Sedan 4D,Sedan,4,2.2,4,1,1,1
23217.0,Pontiac,Vibe,Sportwagon 4D,Wagon,4,1.8,4,1,1,1
,Chevrolet,Cavalier,LS Sedan 4D,Sedan,4,2.2,4,0,1,1
5827.0,Chevrolet,Monte Carlo,LS Coupe 2D,Coupe,6,3.8,2,1,0,0
6608.0,Chevrolet,Malibu,LT MAXX Hback 4D,Hatchback,6,3.5,4,1,1,1
34665.0,Buick,Lacrosse,CX Sedan 4D,Sedan,6,3.6,4,1,1,1
21527.0,Chevrolet,Cobalt,LT Sedan 4D,Sedan,4,2.2,4,0,1,1
23200.0,Chevrolet,Cobalt,Coupe 2D,Coupe,4,2.2,2,1,1,1
27560.0,Chevrolet,Cavalier,LS Sport Sedan 4D,Sedan,4,2.2,4,1,1,1
,Chevrolet,Cavalier,Coupe 2D,Coupe,4,2.2,2,1,1,1
17094.0,Cadillac,CTS,Sedan 4D,Sedan,6,2.8,4,1,1,1
20770.0,Pontiac,G6,GT Sedan 4D,Sedan,6,3.5,4,1,1,1
7695.0,Chevrolet,Classic,Sedan 4D,Sedan,4,2.2,4,0,1,1
21145.0,Chevrolet,Classic,Sedan 4D,Sedan,4,2.2,4,1,1,1
17590.0,SAAB,9_3 HO,Aero Conv 2D,Convertible,4,2.0,2,1,1,1
17451.0,Chevrolet,Malibu,Sedan 4D,Sedan,6,3.5,4,0,1,1
23119.0,Chevrolet,AVEO,LT Hatchback 4D,Hatchback,4,1.6,4,0,1,1
8211.0,Chevrolet,Impala,Sedan 4D,Sedan,6,3.8,4,1,0,1
21208.0,SAAB,9_3,Linear Conv 2D,Convertible,4,2.0,2,1,1,0
3867.0,SAAB,9_3 HO,Arc Sedan 4D,Sedan,4,2.0,4,1,1,0
24163.0,Chevrolet,Cavalier,Sedan 4D,Sedan,4,2.2,4,0,1,1
23635.0,SAAB,9_3 HO,Aero Conv 2D,Convertible,4,2.0,2,1,0,0
21421.0,Chevrolet,AVEO,LT Hatchback 4D,Hatchback,4,1.6,4,0,1,1
18147.0,Buick,Lacrosse,CXS Sedan 4D,Sedan,6,3.8,4,1,1,1
2202.0,Cadillac,CST-V,Sedan 4D,Sedan,8,5.7,4,1,1,1
27942.0,Chevrolet,Cobalt,LS Coupe 2D,Coupe,4,2.2,2,1,1,1
15066.0,Buick,Lacrosse,CX Sedan 4D,Sedan,6,3.6,4,1,1,0
19592.0,Buick,Lesabre,Custom Sedan 4D,Sedan,6,3.8,4,1,0,0
23751.0,Cadillac,CST-V,Sedan 4D,Sedan,8,5.7,4,1,0,1
25212.0,Buick,Lacrosse,CXS Sedan 4D,Sedan,6,3.8,4,1,1,1
29187.0,Buick,Lesabre,Limited Sedan 4D,Sedan,6,3.8,4,1,1,1
10036.0,Buick,Lesabre,Custom Sedan 4D,Sedan,6,3.8,4,1,1,1
15190.0,Chevrolet,Malibu,LT MAXX Hback 4D,Hatchback,6,3.5,4,0,1,1
12772.0,Pontiac,Grand Prix,GTP Sedan 4D,Sedan,6,3.8,4,1,1,0
,Chevrolet,AVEO,SVM Hatchback 4D,Hatchback,4,1.6,4,1,0,1
31303.0,Cadillac,STS-V8,Sedan 4D,Sedan,8,4.6,4,1,1,1
20618.0,Pontiac,Sunfire,Coupe 2D,Coupe,4,2.2,2,1,1,1
13449.0,Cadillac,Deville,Sedan 4D,Sedan,8,4.6,4,1,1,1
21974.0,Pontiac,Grand Prix,Sedan 4D,Sedan,6,3.8,4,1,0,0
21056.0,Cadillac,CTS,Sedan 4D,Sedan,6,2.8,4,1,1,1
27460.0,Chevrolet,Impala,Sedan 4D,Sedan,6,3.8,4,1,1,1
2846.0,Cadillac,STS-V6,Sedan 4D,Sedan,6,3.6,4,1,0,1
16508.0,Buick,Lacrosse,CXL Sedan 4D,Sedan,6,3.6,4,1,0,1
27887.0,Pontiac,Vibe,AWD Sportwagon 4D,Wagon,4,1.8,4,0,0,0
25777.0,Pontiac,Grand Prix,GT Sedan 4D,Sedan,6,3.8,4,1,0,0
1787.0,Chevrolet,Impala,Sedan 4D,Sedan,6,3.8,4,1,0,0
9049.0,Pontiac,G6,GT Sedan 4D,Sedan,6,3.5,4,1,1,1
16111.0,Chevrolet,Impala,SS Sedan 4D,Sedan,6,3.8,4,1,0,0
,Chevrolet,AVEO,SVM Hatchback 4D,Hatchback,4,1.6,4,1,1,0
29368.0,Chevrolet,Impala,LS Sedan 4D,Sedan,6,3.8,4,1,1,0
25295.0,Pontiac,Grand Prix,GT Sedan 4D,Sedan,6,3.8,4,1,1,0
12303.0,Pontiac,Vibe,GT Sportwagon,Wagon,4,1.8,4,1,1,1
27940.0,Chevrolet,Impala,SS Sedan 4D,Sedan,6,3.8,4,1,0,0
21796.0,Chevrolet,Cobalt,Coupe 2D,Coupe,4,2.2,2,1,1,1
19898.0,Chevrolet,Cavalier,LS Sport Coupe 2D,Coupe,4,2.2,2,1,1,1
23062.0,Pontiac,Vibe,AWD Sportwagon 4D,Wagon,4,1.8,4,0,0,0
25869.0,Chevrolet,AVEO,LT Sedan 4D,Sedan,4,1.6,4,0,0,0
17870.0,Cadillac,CTS,Sedan 4D,Sedan,6,2.8,4,1,1,1
18195.0,SAAB,9_3 HO,Arc Conv 2D,Convertible,4,2.0,2,1,1,0
29680.0,Chevrolet,AVEO,LS Hatchback 4D,Hatchback,4,1.6,4,0,0,1
10915.0,Pontiac,GTO,Coupe 2D,Coupe,8,5.7,2,1,1,1
26143.0,Chevrolet,Cobalt,LS Coupe 2D,Coupe,4,2.2,2,1,1,1
11229.0,Pontiac,Grand Prix,GTP Sedan 4D,Sedan,6,3.8,4,1,1,0
19498.0,Chevrolet,Impala,Sedan 4D,Sedan,6,3.8,4,1,0,0
,Chevrolet,Cavalier,Coupe 2D,Coupe,4,2.2,2,1,1,1
,Cadillac,STS-V8,Sedan 4D,Sedan,8,4.6,4,1,0,1
20156.0,Chevrolet,AVEO,LT Hatchback 4D,Hatchback,4,1.6,4,0,1,1
7476.0,Cadillac,STS-V6,Sedan 4D,Sedan,6,3.6,4,1,1,1
25052.0,Buick,Lesabre,Custom Sedan 4D,Sedan,6,3.8,4,1,1,0
18210.0,Chevrolet,Cobalt,LT Sedan 4D,Sedan,4,2.2,4,1,1,1
,Chevrolet,AVEO,SVM Hatchback 4D,Hatchback,4,1.6,4,1,0,0
21367.0,Cadillac,CST-V,Sedan 4D,Sedan,8,5.7,4,1,1,1
19112.0,SAAB,9_3,Linear Conv 2D,Convertible,4,2.0,2,1,1,1
21211.0,Pontiac,Grand Prix,GTP Sedan 4D,Sedan,6,3.8,4,1,0,1
16078.0,Pontiac,Vibe,GT Sportwagon,Wagon,4,1.8,4,0,1,0
26532.0,Chevrolet,Malibu,LS MAXX Hback 4D,Hatchback,6,3.5,4,1,1,1
10625.0,Cadillac,CTS,Sedan 4D,Sedan,6,2.8,4,1,1,1
15343.0,Cadillac,CST-V,Sedan 4D,Sedan,8,5.7,4,1,1,1
5632.0,Chevrolet,Malibu,MAXX Hback 4D,Hatchback,6,3.5,4,0,1,1
41829.0,Cadillac,Deville,DTS Sedan 4D,Sedan,8,4.6,4,1,1,1
19461.0,Chevrolet,Cobalt,Coupe 2D,Coupe,4,2.2,2,1,1,1
27839.0,Buick,Lesabre,Limited Sedan 4D,Sedan,6,3.8,4,1,1,0
9882.0,Chevrolet,Cobalt,LT Sedan 4D,Sedan,4,2.2,4,0,1,1
20682.0,Chevrolet,Cavalier,LS Sport Coupe 2D,Coupe,4,2.2,2,1,1,1
17319.0,SAAB,9_3 HO,Aero Sedan 4D,Sedan,4,2.0,4,1,0,1
14579.0,Chevrolet,Malibu,Sedan 4D,Sedan,6,3.5,4,1,1,1
18339.0,Buick,Lesabre,Custom Sedan 4D,Sedan,6,3.8,4,1,1,0
27438.0,Pontiac,Vibe,GT Sportwagon,Wagon,4,1.8,4,0,0,1
28242.0,Chevrolet,Impala,SS Sedan 4D,Sedan,6,3.8,4,1,1,1
17270.0,Chevrolet,Cobalt,Sedan 4D,Sedan,4,2.2,4,0,1,1
21492.0,Chevrolet,Cavalier,Sedan 4D,Sedan,4,2.2,4,1,1,1
27168.0,Pontiac,Bonneville,GXP Sedan 4D,Sedan,8,4.6,4,1,0,1
16554.0,Pontiac,Grand Prix,GT Sedan 4D,Sedan,6,3.8,4,1,1,1
20137.0,Buick,Lesabre,Limited Sedan 4D,Sedan,6,3.8,4,1,1,0
25049.0,SAAB,9_3 HO,Aero Conv 2D,Convertible,4,2.0,2,1,0,0
26222.0,Cadillac,Deville,Sedan 4D,Sedan,8,4.6,4,1,0,1
24469.0,Buick,Lacrosse,CXL Sedan 4D,Sedan,6,3.6,4,1,1,1
21427.0,Chevrolet,AVEO,LT Hatchback 4D,Hatchback,4,1.6,4,1,1,1
33345.0,Chevrolet,Monte Carlo,LS Coupe 2D,Coupe,6,3.8,2,1,0,0
4537.0,Pontiac,G6,GT Sedan 4D,Sedan,6,3.5,4,1,1,0
6420.0,Cadillac,XLR-V8,Hardtop Conv 2D,Convertible,8,4.6,2,1,1,1
,Chevrolet,Cavalier,LS Sedan 4D,Sedan,4,2.2,4,1,1,1
5350.0,Pontiac,Grand Am,SE Sedan 4D,Sedan,4,2.2,4,0,1,1
5788.0,Pontiac,Grand Am,SE Sedan 4D,Sedan,4,2.2,4,1,1,1
35157.0,SAAB,9_3,Linear Conv 2D,Convertible,4,2.0,2,1,0,0
18766.0,Chevrolet,Cavalier,LS Sport Sedan 4D,Sedan,4,2.2,4,1,1,1
31199.0,Chevrolet,Classic,Sedan 4D,Sedan,4,2.2,4,1,1,1
19883.0,Chevrolet,Malibu,LT Sedan 4D,Sedan,6,3.5,4,1,1,1
25717.0,Cadillac,STS-V8,Sedan 4D,Sedan,8,4.6,4,1,1,1
32477.0,SAAB,9_3 HO,Aero Conv 2D,Convertible,4,2.0,2,1,1,1
23963.0,Chevrolet,AVEO,LS Sedan 4D,Sedan,4,1.6,4,1,1,0
27484.0,Cadillac,CTS,Sedan 4D,Sedan,6,2.8,4,1,1,1
25787.0,Chevrolet,Malibu,Sedan 4D,Sedan,6,3.5,4,1,1,1
7397.0,Chevrolet,Malibu,MAXX Hback 4D,Hatchback,6,3.5,4,1,1,1
,Cadillac,Deville,DTS Sedan 4D,Sedan,8,4.6,4,1,0,1
12052.0,Buick,Park Avenue,Special Ed Ultra 4D,Sedan,6,3.8,4,1,1,0
22414.0,Pontiac,Grand Am,GT Coupe 2D,Coupe,6,3.4,2,0,1,1
25420.0,SAAB,9_3 HO,Arc Conv 2D,Convertible,4,2.0,2,1,0,0
22328.0,SAAB,9_3 HO,Arc Sedan 4D,Sedan,4,2.0,4,1,1,0
13404.0,Chevrolet,AVEO,LS Sedan 4D,Sedan,4,1.6,4,1,1,0
24052.0,Cadillac,CST-V,Sedan 4D,Sedan,8,5.7,4,1,0,1
18720.0,Pontiac,Grand Prix,GT Sedan 4D,Sedan,6,3.8,4,1,0,0
25651.0,Pontiac,Bonneville,GXP Sedan 4D,Sedan,8,4.6,4,1,0,1
18790.0,Chevrolet,Cobalt,LS Sedan 4D,Sedan,4,2.2,4,0,1,1
23460.0,Chevrolet,Malibu,LS MAXX Hback 4D,Hatchback,6,3.5,4,0,1,1
18096.0,Pontiac,Vibe,AWD Sportwagon 4D,Wagon,4,1.8,4,1,1,0
21992.0,Chevrolet,Monte Carlo,SS Coupe 2D,Coupe,6,3.8,2,1,1,0
4695.0,Buick,Park Avenue,Special Ed Ultra 4D,Sedan,6,3.8,4,1,1,0
26097.0,Pontiac,Sunfire,Coupe 2D,Coupe,4,2.2,2,0,1,1
25727.0,Chevrolet,Cavalier,Sedan 4D,Sedan,4,2.2,4,1,1,1
27325.0,Buick,Century,Sedan 4D,Sedan,6,3.1,4,1,1,1
,Chevrolet,Corvette,Coupe 2D,Coupe,8,6.0,2,1,0,1
14627.0,Chevrolet,AVEO,LT Sedan 4D,Sedan,4,1.6,4,0,1,0
24270.0,Pontiac,Vibe,Sportwagon 4D,Wagon,4,1.8,4,0,0,0
31471.0,Pontiac,Grand Prix,GT Sedan 4D,Sedan,6,3.8,4,1,1,0
14568.0,SAAB,9_3 HO,Arc Sedan 4D,Sedan,4,2.0,4,1,1,1
